Date,year,month,DateNum,Exp_All_N,Exp_All_R,Exp_All_WMF,Exp_Chemistry_N,Exp_Chemistry_R,Exp_Chemistry_WMF,Exp_Clothing_N,Exp_Clothing_R,Exp_Clothing_WMF,Exp_Machines_N,Exp_Machines_R,Exp_Machines_WMF,Exp_Metals_N,Exp_Metals_R,Exp_Metals_WMF,Exp_PrecisionNarr_N,Exp_PrecisionNarr_R,Exp_PrecisionNarr_WMF,Exp_Watches_N,Exp_Watches_R,Exp_Watches_WMF,Imp_All_N,Imp_All_R,Imp_All_WMF,Imp_Chemistry_N,Imp_Chemistry_R,Imp_Chemistry_WMF,Imp_Clothing_N,Imp_Clothing_R,Imp_Clothing_WMF,Imp_Machines_N,Imp_Machines_R,Imp_Machines_WMF,Imp_Precision_N,Imp_Precision_R,Imp_Precision_WMF,Imp_Vehicles_N,Imp_Vehicles_R,Imp_Vehicles_WMF,TradeBal_All_WMF,EUR,USD,gEUR,gUSD
2001-01,2001,1,2001,18.1,15.6,10602.254,26.1,24.6,3620.523,14.2,13,352.282,13.3,9.3,2745.304,12,11.1,897.958,14.5,19.4,632.151,23.2,20.9,767.949,18.2,15.4,10821.43,26,27.7,1977.428,11,12.2,860.277,18.5,16.7,2721.54,23.5,18.1,611.089,9.8,2.1,1024.92,-219.176,1.5291,1.6291,NA,NA
2001-02,2001,2,2001.0833333333333,6.1,3,11007.433,6.2,2.9,3472.109,-1.7,-2,343.988,2.1,1.3,3002.83,1,-3.3,902.768,13,8.6,693.319,20.6,9,904.951,6.4,4.3,11003.632,24.2,22.3,2017.925,-2.9,-4.9,875.551,0.2,-0.2,2498.283,12.2,7.9,661.229,15,7.3,1325.347,3.801,1.5355,1.6661,0.4185468576286766,2.2711926830765394
2001-03,2001,3,2001.1666666666667,8.1,6.9,12222.165,11.6,11.4,3789.56,-1.6,-1.2,369.109,12.6,12.9,3641.186,0.7,-0.5,1021.759,10.4,9.4,783.823,-3.3,-10.6,788.93,4.3,2.6,12219.27,24.1,25.3,2307.182,-0.4,-1.3,872.25,2.9,0.2,2883.358,13.6,12.5,861.934,-11.5,-14.7,1362.738,2.895,1.5357,1.6878,0.013025073266037523,1.3024428305624003
2001-04,2001,4,2001.25,15.1,11.8,10588.611,34.4,24.9,3452.248,7.2,8.1,300.113,8.9,8.4,2903.896,5.5,3.7,869.307,4,7.3,672.814,5.9,6.5,792.805,17.5,15.3,11168.107,41.1,40.8,2387.575,11.8,9.1,643.095,9.5,8.9,2524.508,15.5,9.3,681.507,18.7,12.4,1267.737,-579.496,1.5287,1.712,-0.45581819365762,1.4338191728877847
2001-05,2001,5,2001.3333333333333,2.7,1.7,11856.067,15.1,15.9,3878.814,-6.2,-8.6,315.738,-5.8,-5.6,3166.293,-9.7,-8.6,943.229,4.6,6.9,748.084,-2.5,-8.8,906.626,-0.3,-2.7,11458.001,19.1,12.6,2192.472,0.5,-2.3,633.214,-11.5,-10.6,2558.336,2.1,-3.6,704.028,-9,-13.2,1382.799,398.066,1.5337,1.7519,0.3270752927323928,2.3306074766355156
2001-06,2001,6,2001.4166666666667,8.8,6.6,11279.213,22.6,16.4,3576.276,8.4,8.4,336.553,1,2.5,3081.825,2.4,-0.5,917.376,11.2,17.2,723.758,7.8,1.8,915.336,4.2,3.1,10921.866,20.3,17.8,2214.431,8.9,5.9,663.895,-3.5,-1.9,2458.684,3.1,0.5,716.873,-3.3,-4,1304.341,357.347,1.5225,1.7827,-0.7302601551802845,1.7580912152520112
2001-07,2001,7,2001.5,10.5,7.7,11436.597,25.5,21.3,3631.763,11.6,8.2,374.717,-0.3,-1.7,3106.773,1.8,0.5,924.029,7.6,10.9,686.812,15,10.5,978.891,7.6,3,11416.027,20.9,4.4,2368.541,11.8,8.3,946.801,-2.5,-2.6,2509.087,6.9,-0.4,720.201,15.2,6.6,1206.219,20.57,1.5134,1.7602,-0.5977011494252782,-1.2621304762438945
2001-08,2001,8,2001.5833333333333,1.2,-0.7,9548.009,9.8,5.1,3144.688,6.9,3.6,257.007,-4.9,-2.4,2611.256,-5.1,-5.5,713.501,4.5,5.3,618.557,9.5,0,718.905,-3.2,-1.7,9863.083,23.6,22.6,2165.162,-1,-3.6,839.151,-15.6,-11.6,2136.569,4.6,3.1,585.132,-17.6,-15.5,917.221,-315.074,1.5144,1.6799,0.06607638430025098,-4.561981593000796
2001-09,2001,9,2001.6666666666667,-8.9,-8.8,10367.164,4.8,3.5,3223.053,-4.6,-6.8,355.971,-16.2,-13.5,2792.371,-12.9,-12.4,838.699,-6.4,-0.3,658.945,-7.9,-18.5,836.395,-6.2,-2.5,9975.969,23.1,25.6,1915.767,-5.4,-6.2,817.498,-19.7,-12.4,2172.839,-12.2,-14.5,629.609,0.6,-1.6,989.424,391.195,1.4919,1.6386,-1.4857369255150576,-2.4584796714090085
2001-10,2001,10,2001.75,4.5,3.2,12091.488,26.4,18.7,3871.772,-5,-3.8,343.843,-8.4,-8.7,3111.517,-7.2,-5.5,913.558,7.6,9.1,784.333,6,2.3,1139.388,-1.5,1.3,11758.01,23,15.5,2654.724,-3.5,-1.9,721.212,-11.4,-4.5,2538.073,0.6,3.9,767.728,-12.4,-12.2,1204.324,333.478,1.4796,1.6329,-0.8244520410215173,-0.3478579274990845
2001-11,2001,11,2001.8333333333333,-3.4,-1.8,11505.81,4,5.4,3402.581,-4.4,-1.4,336.713,-7,-7,3159.594,-14,-12.3,866.777,0.5,3,772.719,-4.9,-3.8,1085.413,-12.6,-11.5,10596.12,6,-6.5,2332.033,-8.5,-7.1,597.987,-14.4,-10.2,2477.935,-13.7,-11.8,657.852,-30.7,-33.2,1125.424,909.69,1.4665,1.6509,-0.8853744255204132,1.1023332720925927
2001-12,2001,12,2001.9166666666667,-9,-9.4,9212.249,18.9,10,2769.155,-7,-7.7,248.248,-22.2,-19.2,2699.128,-19.7,-19.1,644.525,-4.8,-4.2,620.813,-13.7,-20.8,817.92,-15,-13.2,8850.466,-6.7,-18.7,1723.036,-9.4,-10.1,522.467,-21.2,-15.8,2104.195,-22.9,-21.9,567.358,-12.3,-13.9,1052.552,361.783,1.4743,1.6498,0.5318786225707584,-0.06663032285421089
2002-01,2002,1,2002,4.5,2.6,11076.076,15.4,5,4177.106,5.5,1.4,371.557,-13.8,-10.5,2366.859,-13,-10.5,780.951,2,2,644.925,-4.1,-17.3,736.502,-2.9,1.3,10509.621,8.5,9.2,2145.62,1,-1.3,868.72,-19.7,-14.6,2185.09,12.1,13.4,684.846,10.5,9.9,1132.663,566.455,1.4738,1.6681,-0.03391440005425794,1.1092253606497682
2002-02,2002,2,2002.0833333333333,-2.4,0.3,10739.541,3.6,6.2,3596.429,7.6,2.9,370.1,-17,-14.6,2491.852,-11.5,-7.5,798.887,1.9,-4.6,706.18,-12.1,-12.2,795.255,-0.9,2.5,10901.424,20.9,18,2440.366,-0.9,-1.7,868.068,-12.4,-7.5,2187.359,21.4,20.6,802.706,-15.2,-13.5,1123.261,-161.883,1.4774,1.6979,0.24426652191613663,1.7864636412685098
2002-03,2002,3,2002.1666666666667,-6.7,-4,11400.725,-1.6,-0.1,3728.505,0,-2.6,369.201,-26.7,-24.7,2668.721,-17.4,-14,843.889,2.2,2.1,800.678,-0.1,1.9,788.08,-9.7,-6.8,11032.839,-10.5,-11.6,2065.74,-9.6,-11.9,788.107,-20.9,-16.3,2281.232,9.5,12,943.835,-4.6,-5.3,1299.643,367.886,1.468,1.6753,-0.6362528766752473,-1.3310560103657387
2002-04,2002,4,2002.25,11.8,11.7,11837.91,23,16.6,4247.07,9.5,9.4,328.67,-7.4,-6.3,2689.552,-1.2,2.9,858.726,13,11.4,760.005,-0.3,0,790.557,7.6,11.5,12013.043,25.9,22.3,3006.951,3.3,5.6,664.101,-9.4,-3.4,2288.423,37.4,49.3,936.627,5.6,7.8,1338.678,-175.133,1.466,1.6549,-0.13623978201634523,-1.2176923536083128
2002-05,2002,5,2002.3333333333333,-2,-0.4,11623.68,1.3,-0.9,3930.391,2.3,4.9,322.989,-13.9,-12.2,2726.171,-9.7,-8.9,852.154,-0.8,0.5,742.351,-1.4,5.6,893.745,-6.3,-2.9,10741.042,-1.8,-3.8,2152.623,-10.2,-7.5,568.475,-17.5,-12.2,2110.413,42.2,48.2,1001.13,-4.1,-5.9,1325.789,882.638,1.4567,1.5876,-0.6343792633014878,-4.066710979515387
2002-06,2002,6,2002.4166666666667,3,4.4,11622.45,9.1,9,3901.663,-0.4,-0.3,335.108,-12.8,-11.8,2687.8,-8.6,-3.6,838.819,0.1,-3.3,724.302,-1.8,-4.3,898.551,-1,3.2,10812.352,14.3,14.1,2530.931,-6.8,-3.7,618.516,-12.3,-7.4,2156.633,31.7,39.7,943.948,-10.3,-12.4,1169.356,810.098,1.4716,1.5408,1.0228598887897178,-2.947845804988658
2002-07,2002,7,2002.5,6,11.5,12117.755,8.6,16.2,3942.881,6.5,6.9,399.17,-7.9,-6.7,2862.845,-4.5,0.2,882.494,14.8,15.1,788.732,0.4,5.2,982.868,1.6,8.2,11602.739,10,9.9,2605.692,-4.1,-1,907.721,-8.7,-1.6,2291.027,29.1,38.7,930.021,6.4,19,1283.237,515.016,1.4626,1.474,-0.6115792334873693,-4.335410176531673
2002-08,2002,8,2002.5833333333333,-1,0.2,9456.332,8.4,3.2,3408.623,-3.1,-2,249.11,-16.8,-16.6,2172.374,-10.5,-8.5,638.709,-7.8,-5.2,570.1,-6.7,0.6,670.653,-9.4,-5.8,8935.824,-11.7,-16.8,1911.482,-8.4,-2.7,768.462,-13.2,-10.1,1855.047,-2.3,5.6,571.562,-11.9,-4.8,808.132,520.508,1.4639,1.4977,0.08888281143171195,1.6078697421981092
2002-09,2002,9,2002.6666666666667,11.3,14.4,11536.612,15.6,15.9,3726.808,3,3.1,366.559,-3.2,-2.2,2702.096,1.1,4.6,848.326,18.6,17.5,781.786,4.9,13.9,877.403,3.3,5.7,10300.621,11.5,6.7,2135.778,1.2,4.8,827.716,-2,1.6,2129.649,13.5,20.2,714.628,1.4,2.4,1003.214,1235.991,1.4651,1.4938,0.08197281235058362,-0.2603992788943077
2002-10,2002,10,2002.75,3.9,7,12558.363,3.8,5.6,4017.765,5.6,6.8,363.071,-2.1,0.9,3046.3,0.8,5.3,920.748,12.1,17,878.975,0.4,3.6,1143.791,-1.6,-0.1,11565.826,-9,-9.4,2415.454,-2.7,-0.6,701.602,-5.1,0,2407.472,22.7,22.6,942.381,1.9,-0.8,1226.645,992.537,1.4649,1.4929,-0.013650945327958741,-0.06024902932120213
2002-11,2002,11,2002.8333333333333,1.3,6.3,11652.938,0.2,9,3410.331,1.2,-2.1,340.865,-11.1,-6,2809.526,0,1.4,866.872,9,11.4,842.363,7.3,7.3,1165.132,-1.4,1.9,10449.663,-4.9,-0.7,2217.367,-1.6,-0.2,588.224,-5.2,-0.9,2350.034,15.3,20.7,758.482,-8.1,-5.7,1034.246,1203.275,1.4673,1.4651,0.1638337087855879,-1.86214749815794
2002-12,2002,12,2002.9166666666667,9.8,15.8,10118.376,3.1,19.3,2856.014,14.5,10.5,284.208,5.1,5.7,2836.829,4.4,5.1,673.055,17.9,20.1,732.228,16.4,18.8,952.134,5.6,8.8,9342.067,5.1,12.8,1811.378,4.3,6.1,545.026,-0.5,5,2094.343,34.9,38.3,765.463,-7.9,-8.7,968.891,776.309,1.468,1.441,0.04770667211886348,-1.6449389120196556
2003-01,2003,1,2003,-5.3,-3,10493.456,-10.2,-6.9,3752.336,1.2,2,376.013,-2.3,-2.6,2311.847,3.1,4.4,805.3,15.1,18,742.04,-5,5.8,699.488,5,4,11035.638,42.3,23.5,3054.139,-3.4,-1,838.795,-3.3,2.5,2112.078,1.4,2.6,694.509,-14.8,-9.1,965.514,-542.182,1.4623,1.3759,-0.3882833787466011,-4.5176960444136105
2003-02,2003,2,2003.0833333333333,2.8,2.2,11035,13.7,7.7,4088.54,-1.3,0.5,365.189,0.2,2.4,2496.509,3.1,2.7,823.49,10.6,18.9,780.936,-6.9,-5.4,740.493,-4.7,-4.5,10390.389,-11.4,-18,2161.266,-5.3,-2.1,822.486,-3.9,1.6,2102.382,-4.7,-1.6,765.307,-8.2,-5.5,1031.329,644.611,1.4672,1.3616,0.3350885591192121,-1.0393197180027625
2003-03,2003,3,2003.1666666666667,0.4,2.8,11451.416,8.9,16.5,4060.578,-1.5,-0.7,363.794,-3.7,-4.9,2569.22,3,1.8,869.001,3.5,5.5,828.869,-1.4,-4.7,776.996,1.9,3,11239.168,10.2,0.9,2276.423,-2.3,1.8,770.364,-3.4,4.8,2203.683,-5.7,-4.8,889.714,-2.4,6.7,1268.154,212.248,1.469,1.3592,0.12268266085060375,-0.1762632197414793
2003-04,2003,4,2003.25,-8.2,-4.5,10866.033,-15.3,-7.8,3596.429,-9.5,-7.8,297.297,-4,-0.7,2582.664,-3.1,-3,831.787,10.4,12.4,839.34,-4.1,-11.6,758.327,-11.1,-10.9,10679.222,-17,-26.6,2494.414,-9.6,-5.8,600.409,-9,-2.1,2082.447,-26.5,-24.9,688.288,-13.5,-8.7,1157.834,186.811,1.4954,1.3773,1.797140912185169,1.3316656856974696
2003-05,2003,5,2003.3333333333333,-2.3,0.3,11359.329,-3.3,0.5,3802.155,-4.5,-5.8,308.571,-9.8,-7.5,2459.312,-0.7,-0.3,846.342,4.3,2.2,774.175,-12.8,-20.6,779.095,-6,-3.9,10095.965,2.8,1.1,2213.663,-2.2,-1.8,555.992,-5.7,-1,1989.242,-28.2,-23.8,718.674,-13.6,-7.2,1144.891,1263.364,1.5148,1.3097,1.2973117560518777,-4.9081536339214304
2003-06,2003,6,2003.4166666666667,-4.7,-2.3,11071.548,0.2,5.2,3908.611,6.8,3.5,357.75,-7.5,-4.8,2485.394,-3.1,-4.6,812.73,9.1,8.9,790.07,-9.8,-16.3,810.356,-5.9,-6.7,10173.304,-16.1,-23.8,2123.94,1,-1.4,624.488,-4.9,0.6,2050.304,-17.5,-17.6,778.423,-7.1,-4.2,1085.919,898.244,1.5399,1.3189,1.6569844203855322,0.7024509429640169
2003-07,2003,7,2003.5,-0.8,-1.8,12021.349,0.1,-3.4,3947.582,8.7,4.5,433.768,-2.4,-1,2794.96,0.7,-0.2,888.622,4.1,0.3,821.357,-7.3,-14.1,910.764,1.2,-0.6,11736.396,-2.1,-5.6,2551.003,1.5,-0.4,921.63,-0.2,0.6,2286.428,-10.4,-17.7,832.953,11.3,15.4,1428.377,284.953,1.5471,1.3601,0.46756282875510813,3.123815300629329
2003-08,2003,8,2003.5833333333333,-6.7,-5.7,8818.35,-12.7,-9.2,2976.53,5.2,1,261.999,-2.9,-2.6,2109.41,-2.1,-3.5,625.341,15.7,12.7,659.717,-9.7,-13.8,605.925,-3.5,-5.8,8624.342,-2.7,-9.7,1860.799,-5.6,-6,725.087,-5.6,-2.7,1750.28,-2.5,-8.3,557.305,-9.9,-12.6,727.732,194.008,1.5404,1.3816,-0.4330683213754738,1.5807661201382217
2003-09,2003,9,2003.6666666666667,5.7,6.1,12194.28,4.5,7.1,3893.696,6.7,4.4,391.187,1.9,0.5,2754.124,9,7.1,924.371,9.3,7.9,854.818,8,0.8,947.271,6.4,6.6,10964.26,-4.9,-7.7,2031.994,5.9,6.5,876.754,3.6,9.4,2205.464,17.6,13.4,840.196,21.9,28.8,1222.684,1230.02,1.5469,1.3788,0.42196831991689887,-0.2026635784597497
2003-10,2003,10,2003.75,5.4,3,13236.386,7.6,4.2,4323.886,-2,-6,355.872,-4.9,-7.2,2897.035,4.1,1.2,958.947,8.5,3.8,953.791,0.1,-4,1145.397,2.7,3.1,11876.945,-6.6,-12.1,2255.12,-1.4,1.1,691.819,2.9,5.2,2476.351,-5.2,-4.9,893.339,24.7,35.8,1529.021,1359.441,1.5481,1.3224,0.07757450384640041,-4.090513489991299
2003-11,2003,11,2003.8333333333333,4.3,-0.6,12148.341,9.4,-2.2,3732.355,4.8,2.2,357.251,0.4,-4.1,2821.849,0,-1.5,866.639,5.2,4.5,885.77,-3,-5.8,1130.52,5.3,5.5,11006.259,5.3,0.5,2334.79,1.5,2.4,597.038,-0.6,3.1,2335.345,5.4,4.7,799.151,19.8,30,1238.766,1142.082,1.5587,1.3318,0.6847102900329416,0.7108287961282489
2003-12,2003,12,2003.9166666666667,6.5,3.4,10776.672,8.9,-0.2,3110.942,5.7,4.5,300.495,2.3,0.8,2901.002,7.5,7.8,723.425,12.9,14.9,826.676,-4.2,-3.7,912.273,15.3,15.6,10773.578,17.7,11.7,2131.805,7.6,9.9,586.678,15.3,17.3,2415.594,-1.7,-0.5,752.82,44.9,59.2,1403.885,3.094,1.5549,1.2664,-0.2437929043433651,-4.91064724433099
2004-01,2004,1,2004,5.7,3.6,11092.077,14.1,11.2,4282.665,-1.4,-4,370.562,-3.4,-3.5,2232.643,3.1,0.9,830.214,5.6,-2.5,783.256,-5.7,-9.6,659.762,-7.4,-7.8,10220.813,-22.2,-24.4,2375.261,-7.1,-6.6,779.033,0.6,-0.5,2124.237,-7.1,-6.1,645.327,-14.3,-9.8,827.498,871.264,1.5661,1.2417,0.7203035564988136,-1.950410612760578
2004-02,2004,2,2004.0833333333333,8.5,8,11977.509,5.4,8.4,4311.082,4.1,1.4,380.316,2.2,-0.4,2552.218,8,6.6,889.42,8.3,1.5,846.109,9.5,5.5,810.739,3.2,1.9,10719.297,-2.8,-8.7,2100.748,2.6,2.7,843.817,1.6,1.3,2136.286,5.6,0.6,807.91,10.2,21.5,1136.11,1258.212,1.5731,1.2436,0.44697018070365413,0.1530160264153979
2004-03,2004,3,2004.1666666666667,16.7,10.2,13361.222,12.5,-1.5,4569.474,8.9,4.9,396.272,18.8,16.9,3051.766,19.8,18.2,1040.948,20.3,16.5,997.537,16.3,18.9,903.619,13.9,12.3,12796.292,20.1,17.5,2733.887,13,12.3,870.524,17.7,15.5,2594.108,10.9,7.1,987.068,4.9,7.2,1330.638,564.93,1.5666,1.2767,-0.41319687241752057,2.661627532968791
2004-04,2004,4,2004.25,10.3,5.3,11983.312,14.9,5.4,4131.875,1.1,-2.3,300.642,8.1,4.6,2790.747,12.7,8.2,937.104,0.1,-2.8,839.833,8.5,6.9,822.427,8.6,6.4,11595.832,9.1,4.5,2720.924,4.4,5.1,626.774,10.8,11.1,2306.516,17.1,8.8,805.968,1.1,2.5,1170.319,387.48,1.5547,1.2965,-0.7596067917783778,1.550873345343473
2004-05,2004,5,2004.3333333333333,1.3,-3.8,11509.955,7.4,-3.7,4082.987,0.7,-4.1,310.671,6.1,2.4,2608.465,4.2,3.7,881.466,0.6,4.2,778.606,2.9,4.6,802.011,1.7,-1.3,10269.753,-10.2,-19.3,1987.908,-0.8,0.9,551.281,7.4,9.9,2136.362,7.7,1.7,773.734,4.3,8.1,1194.262,1240.202,1.5408,1.2828,-0.8940631633112539,-1.0566910913999306
2004-06,2004,6,2004.4166666666667,16.9,13.1,12939.518,11,2.6,4340.405,11.5,10.3,398.863,20.4,18.8,2992.529,22.9,22.9,998.595,14.2,23.7,902.373,27.9,27.2,1036.264,18.7,16.9,12071.506,20.3,8.8,2554.892,9.6,13.9,684.231,15.6,20.4,2369.227,14.9,13.4,894.503,40.2,48.9,1522.143,868.012,1.5187,1.251,-1.4343198338525487,-2.478952291861558
2004-07,2004,7,2004.5,3.4,-1,12431.487,4,-4.2,4106.359,-6,-5.3,407.856,5,3,2933.746,6.5,3.7,946.292,0.8,9.9,828.283,5.7,0.7,962.799,-1.5,-1.9,11555.579,-0.4,-5.5,2540.355,-7.4,-3.3,853.519,0.4,5.1,2294.904,-1.5,1.4,820.536,-13.5,-13.4,1235.803,875.908,1.5268,1.2438,0.5333508922104491,-0.5755395683453179
2004-08,2004,8,2004.5833333333333,19.2,18,10513.62,21.7,22.4,3622.355,8.2,9.1,283.413,18.7,16.4,2504.715,22.1,21.6,763.552,7.1,13.8,706.512,24.9,17.4,756.867,19.8,15.9,10327.935,31.6,15.7,2449.293,7.7,9,780.846,15.3,19.8,2018.589,22.2,17.1,680.917,20.6,23.6,877.53,185.685,1.5381,1.2629,0.7401100340581612,1.5356166586267816
2004-09,2004,9,2004.6666666666667,5.7,1.6,12883.439,11.2,0.4,4331.566,-1.3,0,386.259,6.6,9.6,2936.456,8.3,3.9,1000.663,0.8,4.7,861.97,0.8,0.2,954.766,10.5,5.2,12119.086,19.8,2.1,2435.316,-4.1,-2.9,840.897,7.4,5.5,2369.334,4.8,7.2,880.295,18.3,18.3,1445.907,764.353,1.5431,1.2631,0.32507639295233925,0.015836566632354554
2004-10,2004,10,2004.75,-2.4,-3.4,12915.157,-1.3,-1.5,4269.316,-5.9,-7.2,334.927,1.9,2.1,2952.882,4.6,-0.7,1003.15,-6.5,-4.7,891.446,4.9,-2.1,1201.908,-0.1,-6.5,11869.831,12.2,-4.5,2531.132,-5.4,-3.4,654.402,-2.4,-1.1,2416.081,5.1,-1.1,938.676,-17.6,-23.6,1260.153,1045.326,1.5427,1.235,-0.025921845635401564,-2.2246852980761456
2004-11,2004,11,2004.8333333333333,9.5,10.2,13306.266,16.7,15.7,4357.228,-2.6,-0.6,347.825,12.7,17.7,3179.714,15.1,11.4,997.682,3,4,911.907,11.8,6.2,1264.278,9.9,5.5,12098.761,15.2,4,2689.386,4.8,6.8,625.864,4.7,6.8,2444.933,5.5,2.9,842.875,-1.6,-5.7,1219.551,1207.505,1.5221,1.1732,-1.335321190121208,-5.0040485829959565
2004-12,2004,12,2004.9166666666667,5.8,7.7,11398.724,2.8,3.3,3196.613,7.2,9.2,322.26,7,10.7,3103.438,13.8,8.5,823.372,3.6,6.8,856.783,7.7,6.9,982.473,5.3,-0.3,11341.84,16.7,1.3,2487.624,0.2,2.3,588.075,1.4,4.3,2449.161,9.8,4,826.469,-19.5,-24.3,1129.895,56.884,1.5359,1.1453,0.9066421391498602,-2.378111148994211
2005-01,2005,1,2005,5.1,4.7,11655.832,6.3,5.3,4552.491,-0.8,-0.8,367.573,6.4,6.4,2374.943,10.9,3.2,920.316,1.1,9.2,792.193,20.5,13.9,795.003,3.6,-2.6,10591.787,-8.1,-24.8,2181.894,-2.7,-2.8,757.81,1.1,4.5,2148.502,16.2,10.5,749.952,17.7,13.1,973.886,1064.045,1.5467,1.1777,0.7031707793476061,2.828953112721555
2005-02,2005,2,2005.0833333333333,0.6,-1,12051.218,2.2,0.3,4404.788,-5.9,-5.3,357.782,0.4,-1.2,2561.738,4.4,-3.1,928.784,-0.8,6.5,839.264,5.3,-4,853.79,11.1,6,11910.402,34.6,18.5,2827.194,-2.2,0.9,825.333,3.9,7,2220.059,8.7,5.4,878.547,-0.6,-3.5,1128.8,140.816,1.5499,1.1907,0.20689209284283638,1.1038464804279613
2005-03,2005,3,2005.1666666666667,-2.4,-1.9,13036.742,2.7,7.8,4691.859,-5.9,-3.8,372.71,-5.1,-4.6,2897.129,-3.3,-9.9,1006.756,-2.2,0.1,975.974,-5.9,-12.7,850.021,1.4,-4.8,12973.915,0.7,-16.7,2752.259,-7.6,-3.5,804.314,-3.4,-2.1,2505.605,4.4,3.4,1030.661,-0.3,-2.9,1326.993,62.827,1.5489,1.1727,-0.06452029163172002,-1.5117157974300799
2005-04,2005,4,2005.25,10.8,10.4,13273.982,8.1,9.1,4466.672,0.6,-0.2,302.301,9.2,9.4,3047.811,9.9,2.5,1029.701,16.7,17.6,980.126,23.5,19,1015.959,11.2,5.8,12897.036,20.5,8.1,3279.007,0.9,2.2,632.364,8,7.7,2491.552,1.6,0.1,818.75,6.2,7.4,1242.368,376.946,1.5471,1.1949,-0.11621150493899002,1.8930672806344306
2005-05,2005,5,2005.3333333333333,10.9,10,12759.225,14.1,18.8,4657.794,3.3,1.1,320.909,4.9,5.2,2735.511,7.4,-0.7,947.12,18.7,11.5,924.041,29.4,13.3,1038.027,13,7.5,11605.18,29.8,17.1,2580.319,4.2,5.6,574.588,10.4,10.6,2358.999,6.5,0.4,823.976,-5.7,-6.1,1126.776,1154.045,1.5448,1.2173,-0.1486652446512804,1.8746338605741153
2005-06,2005,6,2005.4166666666667,9.5,5.4,14169.957,15.4,9.9,5009.122,-5,-8.2,379.094,7,5.8,3203.381,7.9,0.3,1077.647,20.1,3.8,1083.327,1.4,-3.6,1050.64,4.7,0.5,12633.399,0.9,1.2,2578.086,-2.4,-3.9,667.611,10.7,6,2623.309,4.3,1.3,933.186,-4.8,-9.7,1449.618,1536.558,1.5382,1.2643,-0.4272397721387877,3.8610038610038533
2005-07,2005,7,2005.5,3.2,1.4,12829.934,6.5,9.8,4374.383,-0.1,-6.4,407.439,-0.8,-1.1,2909.003,3.9,-3.1,982.898,19.1,1.6,986.317,3.4,-2,995.904,5.6,-1.2,12207.161,7,-2.5,2718.79,-2.6,-4.9,831.679,5.3,0.9,2416.495,7.1,4.7,878.523,-4.9,-7.9,1175.22,622.773,1.5581,1.2937,1.2937199323885151,2.3253974531361354
2005-08,2005,8,2005.5833333333333,9.9,10.6,11552.727,15.4,23,4181.309,6.5,4.9,301.718,5.2,6.4,2633.863,1.7,-4.5,776.567,19,6.7,840.501,15.3,12.6,872.951,13.1,8.4,11677.216,15.9,11.4,2839.672,9.3,8.8,853.555,9.6,7.9,2211.965,12.5,22.7,765.754,1.8,-2.5,892.93,-124.489,1.5526,1.2623,-0.35299403119184447,-2.427146942877023
2005-09,2005,9,2005.6666666666667,10.6,7.2,14244.081,12.4,12.9,4870.324,-1.5,-3.8,380.331,10.7,7,3251.691,4.6,-1.1,1046.893,20.2,9.5,1035.841,9.7,3.3,1047.047,7.8,3.1,13063.997,1.9,1.1,2482.378,5.1,5.3,883.522,16.3,15.2,2755.4,14.5,10.9,1007.846,-20.1,-21.5,1155.891,1180.084,1.5491,1.2638,-0.22542831379621653,0.11883070585438915
2005-10,2005,10,2005.75,7.5,3,13879.368,11.9,3.6,4777.218,-3.2,-6.4,324.32,4.1,4.4,3074.48,1.4,-2.6,1016.968,15.2,7.6,1027.098,8.4,7.3,1302.707,8.9,5.4,12931.81,8.4,7,2742.937,5.2,5.5,688.287,14.9,11.8,2776.124,-3.9,-6,901.992,-12.3,-5.7,1105.007,947.558,1.5489,1.288,-0.012910722354919635,1.9148599461940252
2005-11,2005,11,2005.8333333333333,9.8,8.5,14610.648,10.9,14.1,4830.375,4.9,0.7,364.753,2.7,2.5,3265.922,5.4,-0.7,1051.3,13.6,8.5,1036.207,6.7,0.4,1348.734,16.1,9.4,14050.033,25,15.8,3361.985,9.4,8.4,684.976,13.7,10.1,2779.928,21.9,8.3,1027.34,14.7,18.5,1398.265,560.615,1.5452,1.3098,-0.2388792045968091,1.6925465838509401
2005-12,2005,12,2005.9166666666667,13.3,7.5,12913.597,25.8,14.4,4021.645,-0.3,-4.6,321.409,3.6,3.2,3216.529,6.7,1.4,878.763,14.3,14.3,979.327,24.1,15.5,1219.487,10.7,5.4,12552.34,-1.4,-7.4,2451.938,9.2,7.2,642.161,9.6,4.6,2684.375,17.3,15.7,969.378,20.1,27,1357.464,361.257,1.5478,1.3047,0.16826300802486038,-0.3893724232707396
2006-01,2006,1,2006,15.7,10.1,13488.536,20.5,12.2,5484.586,3.4,-0.2,380.083,10.1,10.1,2614.613,9.9,6.9,1011.286,23.3,27,976.885,7.9,-5,857.908,19.1,14.2,12619.924,24.8,27,2723.652,7.7,5.9,816.095,14,9.8,2449.72,16.4,11,873.27,10.1,15.6,1072.022,868.612,1.5491,1.2779,0.08399017960976085,-2.054112056411428
2006-02,2006,2,2006.0833333333333,13.6,6.8,13684.581,10.8,-5.8,4880.564,4,-0.7,372.241,10.3,12.4,2825.394,10.4,6.2,1025.243,23.1,29,1033.225,9.4,9.3,934.103,8.6,2.7,12934.875,-7.8,-7,2605.285,6,3,875.085,9.4,4.6,2428.134,12.5,-0.9,988.598,8.4,11.8,1223.936,749.706,1.5578,1.3041,0.5616164224388376,2.0502386728225908
2006-03,2006,3,2006.1666666666667,20.4,14.6,15697.284,20.1,7.8,5636.833,4.8,-1.8,390.743,20.5,21.4,3490.097,20.6,15,1213.791,28.2,39.2,1250.745,20.7,9.5,1026.208,17,11,15175.412,15,10.5,3164.751,10,7.3,885.085,15.8,11.7,2900.804,19.7,7.6,1234.213,10.6,17.5,1467.911,521.872,1.5688,1.3047,0.706124021055321,0.04600874166091895
2006-04,2006,4,2006.25,0.9,-1.4,13391.988,8,5.5,4822.766,-4.6,-11.2,288.495,-4.5,-3.4,2911.203,-4.6,-9.4,982.475,1.9,10.4,998.661,1.5,-8.4,1030.699,-1.9,-7.6,12650.905,-9.2,-12.8,2977.561,-4.4,-6.4,604.829,-5.5,-9.3,2355.613,6.3,-5.3,870.491,-5.2,-6,1178.274,741.083,1.5749,1.2834,0.38883222845487175,-1.632559209013562
2006-05,2006,5,2006.3333333333333,18.6,16.6,15136.393,16.1,8.2,5406.392,14.9,10.8,368.826,18.6,24.7,3244.593,21.3,14.6,1149.031,19.6,33.2,1104.856,18.2,17.9,1226.676,21.1,14.8,14052.333,13.1,7.5,2919.096,18.7,16,682.295,13.8,11.2,2684.751,21,15.1,997.012,36.1,37,1533.381,1084.06,1.5565,1.2188,-1.168328147818909,-5.03350475299984
2006-06,2006,6,2006.4166666666667,7.3,7.6,15199.582,6.7,7.9,5346.499,3.4,0.1,391.861,4.1,7,3336.303,8.7,1.5,1171.903,4.1,25.2,1128.078,12.1,5.8,1177.547,12.7,4.9,14233.327,35.1,18.3,3483.682,3.6,1.5,691.399,0.3,-1.1,2631.003,16.8,6.6,1089.649,-5.9,-2.9,1363.582,966.255,1.56,1.2324,0.2248634757468615,1.1158516573678945
2006-07,2006,7,2006.5,15.3,13.3,14797.785,20.4,14,5268.497,1.5,1.6,413.666,12.5,12.2,3273.097,14.2,7.5,1122.412,3.5,22,1020.722,15.6,11,1151.286,9.1,3.6,13321.801,1.4,-0.3,2757.692,1.3,-0.4,842.574,8,5.5,2609.078,9.4,1.1,960.893,9.8,6.9,1289.882,1475.984,1.5686,1.2363,0.5512820512820538,0.31645569620253333
2006-08,2006,8,2006.5833333333333,15.4,5.3,13331.422,17.1,-5.7,4894.787,6,1.2,319.671,10.8,11,2919.149,23.9,12.6,962.335,10.5,21.8,928.609,3.1,-3.9,899.645,9.4,4.6,12779.696,2.1,0.7,2899.32,6.3,4.3,907.497,11.1,10.6,2456.665,14,-1.5,872.638,-0.2,1.6,891.111,551.726,1.5775,1.2305,0.5673849292362476,-0.46914179406293277
2006-09,2006,9,2006.6666666666667,6.2,4.8,15125.976,7.1,5.9,5216.916,1.3,-3.2,385.105,4.4,5.7,3395.343,14.4,6.1,1197.25,3.9,11.1,1076.212,9,3.9,1141.451,2.1,-3.7,13341.442,-0.9,-9.9,2460.303,5.2,3.6,929.215,-4.2,-6,2641.014,-3,-12.1,977.369,0.3,-2.6,1159.259,1784.534,1.5837,1.2433,0.3930269413629395,1.040227549776529
2006-10,2006,10,2006.75,20.4,20.8,16717.339,24.2,32.9,5934.567,15.6,11.9,374.757,12.3,12.5,3453.542,25.9,15.7,1279.981,13.2,21.9,1162.164,15.5,7.6,1504.164,17.4,12.9,15175.998,23.6,22.1,3390.743,17.3,13.2,807.275,6.6,3.1,2959.952,20.3,8.2,1084.846,20.4,18.5,1330.159,1541.341,1.5897,1.26,0.3788596325061455,1.3431995495857718
2006-11,2006,11,2006.8333333333333,15.4,6.5,16861.755,18.1,1.5,5703.433,8.7,3.9,396.586,11.4,8.1,3639.52,24.2,14,1305.535,16.4,17.3,1206.165,13.4,10.7,1530.059,10.8,6.9,15565.181,3.9,-0.2,3492.745,9.4,6.3,749.213,15.2,12,3201.114,11.6,8.6,1146.095,2.4,4.6,1431.546,1296.574,1.5922,1.2358,0.15726237654904995,-1.9206349206349227
2006-12,2006,12,2006.9166666666667,8.7,6.5,14042.178,8.9,12.4,4379.033,0.6,-1.3,323.446,9.6,4.9,3526.675,14.1,5.4,1002.937,6.1,4.3,1039.153,3.6,3.7,1262.936,8,4.2,13559.436,18.7,16.6,2910.04,-6.3,-8.8,601.428,0.6,-0.8,2699.839,11,6.2,1076.231,14.5,12.6,1553.877,482.742,1.5966,1.2078,0.27634719256375284,-2.2657387926849015
2007-01,2007,1,2007,16.4,14,15700.604,16.3,17.4,6377.002,7.8,4.1,409.723,13.3,11.7,2961.509,22.4,11.1,1238.268,14.5,14.2,1118.76,14.4,11.5,981.816,13.9,9.4,14372.834,23.3,17.3,3359.35,9,5.7,889.759,12.1,11.4,2744.917,7.5,4,938.981,9.1,3.5,1169.156,1327.77,1.6157,1.2439,1.1962921207566035,2.9889054479218524
2007-02,2007,2,2007.0833333333333,12.5,11.8,15393.471,13.2,22.5,5525.171,5.7,3,393.384,15.1,12.6,3250.691,20.7,10.6,1237.975,9.1,6.4,1127.069,20.3,14.3,1124.146,9.2,5.8,14122.316,16.9,13,3044.816,6.2,1.4,929.733,8.9,8.8,2643.138,0,0.2,988.955,7.6,-0.6,1316.517,1271.155,1.6213,1.2402,0.34659899733862076,-0.29745156363052416
2007-03,2007,3,2007.1666666666667,9.4,5.4,17176.43,4.7,3.1,5904.198,4.2,2.2,407.186,8.1,5,3772.832,16.2,6.2,1409.938,5.4,2.6,1318.017,20.7,15.7,1238.493,8.6,7.4,16486.08,23.2,34.5,3898.104,3.8,0.9,918.48,6.5,5.4,3089.494,6.5,0.6,1314.464,1.8,-6.2,1494.651,690.35,1.6126,1.218,-0.536606426941344,-1.790033865505558
2007-04,2007,4,2007.25,12.8,8.6,15105.414,12.4,6.9,5419.861,11.9,8.2,322.717,12,8.7,3259.497,25.8,16.3,1235.831,6.4,10.2,1062.215,12.9,10.8,1163.755,14.3,9.7,14454.952,7.8,3.6,3210.066,13.4,9.1,685.726,16.1,14.2,2734.093,25.4,18.2,1091.386,16.4,12.7,1370.936,650.462,1.6374,1.2116,1.5378891231551561,-0.5254515599343201
2007-05,2007,5,2007.3333333333333,11.8,4.3,16921.907,14.9,5.4,6213.531,7.5,3.4,396.662,10,4.2,3570.241,15.4,4.1,1326.182,3.1,2.8,1139.408,7.2,3.3,1315.022,13,7.4,15879.423,22.4,20,3571.594,4.8,0,715.324,7.9,2.9,2897.267,16.9,6.2,1165.592,22.8,20.4,1882.76,1042.484,1.65,1.221,0.7695126419934084,0.7758336084516371
2007-06,2007,6,2007.4166666666667,13.4,6.1,17240.766,9.2,-2.7,5837.082,4,-0.5,407.704,16,11.5,3869.297,21.4,8.6,1422.719,6.4,19.6,1200.611,18.6,10.4,1396.551,9.1,4.8,15522.12,0,4.2,3484.33,9.7,3.4,758.306,14.6,10.4,3014.881,10.3,0.8,1201.363,22.9,18.4,1675.225,1718.646,1.6542,1.2332,0.25454545454546285,0.999180999180993
2007-07,2007,7,2007.5,18.8,8.6,17586.356,17.7,0.1,6203.451,7.3,4.7,443.844,19.2,14.8,3901.966,22.4,10.7,1373.819,16.1,21.8,1184.782,28.3,19.2,1477.357,20.3,14.1,16022.077,40.7,32.7,3879.157,15.7,8.9,974.897,13.2,11.6,2952.298,11.7,0.8,1072.845,14.8,12.3,1481.388,1564.279,1.6567,1.2076,0.15113045580945617,-2.0759000973078257
2007-08,2007,8,2007.5833333333333,10.1,9.6,14680.906,5.9,8.3,5185.087,3.2,-1.7,330.051,14.9,12.2,3354.443,14.8,7.3,1104.349,11.4,18.2,1034.837,13.4,11,1020.238,9.8,6.4,14027.445,11.2,12.6,3224.84,2.7,-2,931.702,6.9,2.7,2625.198,11.6,6.6,973.9,26.9,21.2,1131.195,653.461,1.6377,1.2027,-1.1468582121084148,-0.405763497846956
2007-09,2007,9,2007.6666666666667,8.3,3.5,16379.965,8.5,5.1,5658.695,0.8,-3,388.204,3.4,-0.9,3511.727,6.9,-0.6,1279.438,3.8,12.8,1117.605,16.5,4,1329.681,9.8,7.2,14648.667,27.5,34.3,3136.722,-0.9,-3.9,921.178,6.7,3.3,2818.488,14.2,6.8,1115.875,15.8,12,1342.883,1731.298,1.6475,1.1861,0.5984001953959872,-1.3802278207366903
2007-10,2007,10,2007.75,12.1,9.1,18744.416,3,2,6112.264,7.8,4.6,403.974,19.4,17,4123.892,15.9,9.1,1483.842,10.2,16.2,1280.135,12,6.3,1684.333,14.3,9.3,17348.959,14.2,11.9,3871.35,8,4.7,871.464,15.9,14.5,3431.04,24.6,14.1,1352.014,13.5,13.3,1509.939,1395.457,1.6704,1.1742,1.3899848254931735,-1.0032880870078476
2007-11,2007,11,2007.8333333333333,9.6,8.3,18477.395,8.1,10.7,6167.84,4,1.4,412.477,11.4,10,4054.262,6.4,1.6,1389.537,9.5,17.2,1321.299,17.2,6.1,1792.56,7.3,2.2,16696.528,4.1,6.5,3636.879,6.8,2.5,799.851,2.8,0.2,3290.775,13.8,5.5,1304.287,5.3,3.1,1507.242,1780.867,1.6485,1.1234,-1.3110632183908066,-4.326349855220569
2007-12,2007,12,2007.9166666666667,0.6,-3.2,14125.125,-3.9,-8.5,4206.727,-0.6,-4.3,321.408,-2.6,-3,3434.469,-0.7,-5,995.902,3.2,6.7,1072.361,13.4,2.9,1431.793,3.2,-1.7,13996.425,1.1,2.4,2942.549,7.1,2.6,644.004,6.6,4.3,2876.724,7.6,-2.7,1158.273,-21.7,-22.4,1216.522,128.7,1.6586,1.1391,0.6126781922960234,1.3975431725120169
2008-01,2008,1,2008,4,-2.8,16330.88,-5.7,-16.8,6010.403,-2,-3.3,401.342,13.5,9.3,3361.069,5.1,1.3,1301.473,2.7,6,1148.451,23.3,18.9,1210.741,5.8,3,15209.074,-10.7,-0.4,3000.945,10.2,8.4,980.209,5.3,2.5,2890.384,12.6,2.8,1057.172,7.8,3.5,1260.583,1121.806,1.6189,1.1008,-2.393584951163641,-3.362303572996228
2008-02,2008,2,2008.0833333333333,12.8,4.2,17371.232,13.6,-4.9,6277.912,2,2.6,401.415,14.2,11.5,3711.85,9.4,7.2,1354.304,11.6,18.4,1258.372,18.2,9,1328.683,11.9,7.9,15804.061,11,13.6,3378.486,6.5,7.5,990.156,8.6,3.1,2871.696,24,16.3,1226.138,13.8,9.9,1498.373,1567.171,1.6087,1.0908,-0.6300574464142339,-0.9084302325581439
2008-03,2008,3,2008.1666666666667,-4,-4,16484.67,2.7,7.5,6065.606,-15.3,-14,344.998,-5.4,-8.1,3567.876,-6.6,-6.9,1316.236,-10.7,-8.4,1176.891,0.6,-10.5,1245.439,-7.5,-10.1,15252.657,-20.4,-18.6,3103.64,-10.1,-9.6,825.518,-7.8,-8.4,2847.747,-1.2,-5.7,1298.187,-11.4,-12,1323.827,1232.013,1.5711,1.012,-2.3372909802946484,-7.22405573890722
2008-04,2008,4,2008.25,24.1,14.1,18749.333,23.2,4.3,6679.37,11.7,14.1,360.58,23.4,23.1,4021.017,18.8,18,1467.831,28.3,23,1362.556,22.1,16,1420.491,18.8,20.3,17168.161,12.7,32.9,3618.306,12.3,9.9,770.337,19,18.8,3253.798,25.2,29.2,1366.34,33.5,29.1,1830.744,1581.172,1.5954,1.0125,1.5466870345617778,0.049407114624511195
2008-05,2008,5,2008.3333333333333,4.1,1.6,17620.577,-0.3,0.8,6196.797,-3.9,-4.2,381.211,0.9,-2.3,3602.091,-1.1,-0.8,1312.04,7.1,6.3,1220.173,14.1,5.8,1500.054,-1.3,-1.9,15669.11,-6.9,7.4,3326.511,-4.5,-6.6,683.435,0.7,-1.1,2917.01,12.3,6.7,1308.394,-18.4,-22.9,1535.431,1951.467,1.6245,1.0435,1.8239939827002782,3.0617283950617358
2008-06,2008,6,2008.4166666666667,8.8,7.1,18749.765,12.4,19.9,6562.106,2.3,3.9,417.08,-0.7,-2.6,3844.085,-0.4,-0.6,1416.575,8.6,-5.2,1304.422,13.3,8.3,1582.069,4.5,3.3,16222.783,-4.7,4,3319.897,2,0.4,773.105,-0.9,-0.1,2988.631,11.3,9,1337.176,-2.1,-6.4,1639.324,2526.982,1.6138,1.0373000000000001,-0.6586642043705848,-0.5941542884523199
2008-07,2008,7,2008.5,10.2,8.5,19383.174,12.7,12.1,6993.545,3.7,7,460.112,1.5,4.4,3960.577,5.3,2.8,1446.06,13.3,6.1,1342.647,8.8,8.7,1607.711,6.3,5.8,17037.802,-6.1,5.1,3641.982,3.7,3.4,1011.001,5.5,5.8,3115.324,24.5,29.7,1336.086,0.8,-2.4,1492.542,2345.372,1.6186,1.0261,0.29743462634777007,-1.0797262122818951
2008-08,2008,8,2008.5833333333333,2.6,-1.6,15067.428,2.3,-0.7,5303.806,-11.7,-10,291.519,-4.5,-4.7,3203.933,-6.4,-8.1,1034.016,-2.4,-5.6,1009.661,5.8,-4,1079.908,-2.8,-4.5,13639.078,-13.3,-1.2,2796.41,-8,-8.2,856.812,-4.1,-6.3,2517.551,7.2,4.7,1043.795,-17.5,-19.6,933.469,1428.35,1.6204,1.0839,0.11120721611268536,5.632979241789315
2008-09,2008,9,2008.6666666666667,8.9,8.6,17838.432,3.4,6.4,5853.143,-3.7,4.2,373.963,7.6,9.1,3779.917,8.1,6.9,1382.912,16.7,13.3,1304.017,15.4,10.1,1534.936,10.7,8.6,16220.199,-5.5,1.8,2965.381,4.4,5.3,961.33,13.8,14.6,3207.666,24.7,19.1,1390.986,9.8,3.4,1475.016,1618.233,1.5945,1.1097,-1.5983707726487273,2.3802933849985886
2008-10,2008,10,2008.75,-2.3,-6.2,18315.868,0.6,-8.4,6151.707,-6.8,-5.4,376.337,-3.9,-2.9,3963.374,-8.9,-8.9,1351.084,5.6,2,1351.538,0,-4.7,1684.925,-5.1,-4.5,16459.144,-21.8,-14.2,3028.959,-5.3,-5,825.078,-4.8,-3.7,3267.878,-0.3,3.5,1347.941,-4.3,-12.6,1444.44,1856.724,1.5202,1.1421,-4.659767952336158,2.9197080291970767
2008-11,2008,11,2008.8333333333333,-10,-10.8,16628.565,-11.7,-12.1,5444.528,-12.7,-14.3,359.939,-12.1,-11.3,3562.252,-22.3,-22.5,1079.686,-3.4,-2.2,1275.908,-15.4,-18.4,1516.571,-13,-9,14526.193,-19.3,-6.8,2935.071,-13.2,-12.5,694.663,-9.8,-7.8,2969.051,-1.7,0.8,1281.476,-18.7,-25.5,1226.12,2102.372,1.5152,1.1894,-0.32890409156689504,4.1414937396024865
2008-12,2008,12,2008.9166666666667,-2.4,-4.1,13790.476,4.1,1.2,4379.357,-6.8,-10.2,299.477,-6,-6.5,3227.733,-18.3,-18.1,813.941,7.7,5.9,1154.574,-7.7,-11.2,1322.218,-2.3,2.4,13675.371,7.3,21.7,3156.84,3.8,3.6,668.478,-3.9,-2.6,2764.458,-1.1,1,1145.617,-10.4,-17.5,1089.805,115.105,1.5397,1.1463,1.6169482576557481,-3.623675802925841
2009-01,2009,1,2009,-10.6,-11.3,14604.197,2.5,-0.7,6157.786,-17.2,-17.6,332.465,-20.8,-19.1,2662.228,-32.7,-28.9,876.277,-0.8,-1.6,1139.511,-21.5,-27.2,950.241,-17.2,-11.5,12590.556,-8.2,-4.1,2754.694,-15.9,-14.2,824.767,-18,-16.7,2369.343,9,12.3,1151.965,-31.1,-32.8,868.089,2013.641,1.494,1.1287,-2.968110670909918,-1.5353746837651672
2009-02,2009,2,2009.0833333333333,-17.2,-16,14381.212,-10.8,-7.8,5597.824,-17.3,-17.6,332.035,-25.4,-25.3,2769.804,-36.6,-32.4,859.282,-6.6,-8.1,1175.526,-22.4,-24.7,1030.711,-13.6,-6.6,13659.079,-17.1,-12.2,2799.42,-11.9,-11.3,872.592,-18,-15.1,2354.385,55.1,77.7,1901.824,-31.2,-32,1030.181,722.133,1.4905,1.1651,-0.23427041499330947,3.224949056436599
2009-03,2009,3,2009.1666666666667,-7.7,-12.8,15218.417,-0.9,-15.6,6013.368,-10.4,-11.2,309.14,-15.1,-16.4,3029.59,-32.8,-28.3,884.543,8.8,6.6,1280.569,-26.7,-25.6,913.493,-1.4,3.2,15032.79,-7.4,-6.9,2874.024,-4.1,-4.4,791.299,-9.3,-7.6,2584.083,76.1,69.7,2286.54,11.3,8.9,1473.354,185.627,1.5068,1.1553,1.0935927541093626,-0.8411295167796817
2009-04,2009,4,2009.25,-17.6,-18.1,15457.571,-7.3,-9.7,6190.534,-22.5,-21.3,279.278,-28.3,-29.7,2881.304,-44.1,-40,820.011,-10.4,-9.4,1221.058,-26.3,-28.3,1046.355,-24.6,-19.6,12945.341,-22,-19.8,2821.869,-16.7,-15.2,641.846,-26.3,-25.6,2396.884,-26.7,-28.5,1002.144,-28.6,-30.6,1306.695,2512.23,1.5151,1.1482,0.550836209185035,-0.6145589890071745
2009-05,2009,5,2009.3333333333333,-19.1,-20.8,14255.294,-5.8,-14.6,5835.12,-21.1,-19.9,300.746,-28.9,-28.2,2561.251,-38.7,-33,803.921,-10.3,-9.8,1094.513,-27.6,-29.9,1085.443,-21.8,-16.9,12254.037,-11.8,-17.9,2934.746,-12.8,-10.2,595.773,-24.8,-23.8,2194.99,-20,-13.9,1046.433,-24.4,-27.1,1161.179,2001.257,1.5118,1.1086,-0.21780740545177535,-3.4488765023515167
2009-06,2009,6,2009.4166666666667,-21,-23.9,14809.665,-12.1,-26.1,5767.473,-19,-19.5,337.986,-28.7,-30,2739.394,-38.8,-31.4,867.587,-9.1,-7.4,1185.897,-32.2,-30.8,1072.382,-17,-12.2,13457.37,-2.9,-6,3224.897,-5.8,-2,728.093,-21.8,-22.1,2336.494,-19.9,-20.8,1070.749,-11,-12.7,1459.05,1352.295,1.5145,1.081,0.17859505225559236,-2.4896265560165998
2009-07,2009,7,2009.5,-16.5,-15.4,16182.648,-4.3,-5.2,6690.409,-18.8,-21.4,373.415,-27.5,-29.5,2872.9,-34.7,-24.7,944.915,-12.3,-8.3,1177.561,-25.3,-24.9,1200.889,-18,-12.3,13969.025,-9.9,-12.8,3282.173,-9.1,-3.9,918.967,-19.2,-20.5,2516.233,-24,-23.8,1015.525,-5.2,-2.5,1414.364,2213.623,1.5202,1.0796,0.3763618355893117,-0.1295097132285039
2009-08,2009,8,2009.5833333333333,-13.6,-15.4,13010.871,3.4,-6.3,5484.044,-15.2,-13,247.177,-25.9,-26.9,2375.05,-31.1,-21.8,712.294,-8.2,-6.8,926.62,-20.4,-20.7,859.902,-17.7,-12.9,11221.686,-9,-18.1,2544.563,-4.9,0.2,814.906,-20.2,-19.5,2009.926,-18.6,-18.7,849.646,3.1,4.1,962.771,1789.185,1.524,1.0689,0.2499671095908429,-0.9911078177102572
2009-09,2009,9,2009.6666666666667,-12.7,-16.7,15581.722,3.6,-15.1,6062.546,-22,-23,291.745,-21.8,-21.9,2954.584,-30.2,-19.2,964.979,-11.3,-7.4,1157.11,-25,-23.9,1151.195,-15.1,-11.3,13773.752,5.1,-6.2,3117.011,-11.8,-8,847.533,-22.3,-24,2493.411,-14.3,-11.4,1192.627,-15.6,-11,1244.244,1807.97,1.5148,1.0406,-0.6036745406824195,-2.6475816259706186
2009-10,2009,10,2009.75,-10.6,-12.9,16366.299,5.6,-7.8,6495.016,-22.5,-20.2,291.481,-25.3,-26,2960.31,-25.5,-16,1006.654,-11.4,-2.7,1197.784,-21.6,-18.2,1321.638,-14.9,-10.5,14009.971,-3.1,-1.8,2933.546,-12.9,-9.6,718.264,-15.2,-18.8,2772.234,-10.2,-11.3,1209.801,-14,-12.9,1242.413,2356.328,1.514,1.0216,-0.05281225244255783,-1.825869690563131
2009-11,2009,11,2009.8333333333333,-2.5,-6,16209.54,16.1,-4.2,6323.374,-11,-9.7,320.446,-19,-19.6,2887.166,-10.8,-1,963.018,-9.7,-1.9,1151.987,-9.7,-2,1369.87,-2.4,-1.7,14179.329,-4.7,-12.2,2796.994,-3,-0.7,674.038,-8.2,-8.7,2725.054,12.8,6.1,1445.535,19.3,17.7,1463.033,2030.211,1.5104,1.0123,-0.23778071334213946,-0.9103367267032203
2009-12,2009,12,2009.9166666666667,4.8,3.4,14456.482,17.7,8,5153.75,-9.3,-6.5,271.545,-5.6,-7.7,3047.561,-3.5,4.1,785.141,-2.4,8.3,1127.342,-7.2,-5.7,1227.368,-4.3,-5.4,13094.028,-8.8,-18.3,2879.898,-8.2,-4.5,613.546,-9.7,-11.1,2496.551,5.2,-4.7,1204.883,22.6,22.3,1335.766,1362.454,1.5025,1.0283,-0.5230402542372947,1.5805591227896931
2010-01,2010,1,2010,-0.6,-3.3,14514.347,6.9,-5.7,6581.277,-16.1,-12.6,278.818,-11.9,-9.3,2344.866,-0.1,4.1,875.397,-8.1,1.4,1047.749,2.5,6.4,973.657,-3.7,-4.9,12125.567,-3.3,-9.6,2663.075,-9.1,-6.2,749.674,-7.7,-7.6,2186.384,-15.2,-17.4,976.792,25.6,24.6,1090.431,2388.78,1.4767,1.0337,-1.7171381031613975,0.5251385782359286
2010-02,2010,2,2010.0833333333333,4.1,-0.6,14976.082,7.4,-6.7,6011.557,-12,-10,292.316,-3.4,-0.2,2675.47,12.7,14.6,968.42,-2.9,7.1,1141.74,15.4,19.7,1189.393,0.6,-0.8,13739.405,16.9,13.4,3273.634,-5.2,-2.5,827.504,-2.3,-1.7,2301.257,-32.5,-40.4,1282.871,30.2,30.7,1341.073,1236.677,1.4673,1.0715,-0.6365544795828404,3.6567669536615943
2010-03,2010,3,2010.1666666666667,16.6,14.5,17749.642,21.8,13.5,7322.961,1.2,7.3,312.726,7.5,10.4,3257.94,32.6,34.5,1172.486,6,16,1358.03,37.9,40.1,1259.915,6.9,8.7,16068.527,19.8,21.8,3444.043,10.1,14.9,871.487,13.2,13.9,2925.569,-37.5,-31.5,1428.594,16,15,1708.405,1681.115,1.4484,1.0668,-1.2880801472091696,-0.43863742417171725
2010-04,2010,4,2010.25,2.8,3.6,15896.527,6.4,2.4,6586.34,-6.2,0.5,262.059,1.2,3.6,2915.85,30.5,28.9,1069.836,-3.4,11.4,1180.093,13.9,17.4,1191.975,6.7,4.1,13813.438,8.3,-1.7,3054.888,-4.7,0.6,611.997,6.4,7.3,2551.418,17.1,15.9,1173.893,12.6,14.5,1470.915,2083.089,1.4339,1.0684,-1.0011046672189994,0.14998125234346737
2010-05,2010,5,2010.3333333333333,10.6,8.1,15767.368,10.1,1.6,6422.818,-8.5,-2.8,275.083,12.8,13.1,2888.977,27.9,25.3,1028.006,3.9,19.1,1137.592,14.5,18.1,1242.376,22.8,19.9,15045.634,11.4,7.7,3270.737,-1.6,4.6,586.525,16.3,19.6,2552.765,124.4,103.9,2348.23,7,13.6,1242.008,721.734,1.4199,1.1284,-0.97635818397378,5.615874204417826
2010-06,2010,6,2010.4166666666667,16.1,16.4,17199.063,12.2,10.4,6473.322,-9.3,-3.1,306.387,22.2,26.5,3346.4,34.5,31.7,1167.338,13.9,24.4,1350.234,33.9,34.6,1435.675,15.6,15,15551.58,2.1,-4.8,3292.534,-4.2,1.2,697.532,15,20.1,2687.001,86.6,85.3,1998.324,11.7,14.9,1629.93,1647.483,1.3774,1.1282,-2.993168532995283,-0.017724211272596158
2010-07,2010,7,2010.5,3.6,3.5,16772.92,0,-6,6692.573,-19.3,-11.7,301.184,8.2,13.4,3108.175,20.4,17.1,1137.958,9.6,26.3,1290.411,16.8,18.8,1402.824,0.6,2.5,14053.552,-3,-1.2,3184.215,-11.8,-5.9,810.295,3.1,9.3,2594.68,26.4,20.3,1283.218,-15,-14.8,1201.648,2719.368,1.3471,1.0549,-2.1997967184550604,-6.497074986704499
2010-08,2010,8,2010.5833333333333,11.3,17,14485.846,5.6,10.8,5791.215,-8.5,-0.2,226.265,17.3,21.5,2785.832,26.3,22.5,899.291,10.1,25.8,1020.504,29.7,36.3,1115.316,24.5,28.1,13969.307,26.9,33.3,3228.879,3,8.9,839.187,19,25.1,2391.299,107.5,98.5,1763.3,10.1,10.8,1059.763,516.539,1.3428,1.0398,-0.31920421646499664,-1.4314153000284269
2010-09,2010,9,2010.6666666666667,4.1,7.2,16216.424,-1,-0.3,6000.861,0,9.6,291.805,7.4,12.4,3172.782,19.9,14.5,1156.652,-0.3,16.3,1153.94,26.3,30.9,1454.225,6.6,12.6,14678.478,-14.8,-5.2,2654.33,5.2,12.3,891.856,10.6,17.5,2757.6,55.7,53.8,1857.077,14.3,15.2,1422.238,1537.946,1.3085,1.0023,-2.5543640154900182,-3.6064627813041095
2010-10,2010,10,2010.75,2.4,2.7,16758.579,-5.5,-10.7,6135.724,-2.1,7,285.485,8.7,12.3,3219.317,13.7,9.3,1144.506,0.3,15.7,1201.942,19.6,21.6,1580.36,5.7,7.8,14807.194,6.4,0.6,3121.976,4.1,11.5,747.865,4.1,11.2,2886.491,24,25.8,1500.427,10.6,15.6,1373.994,1951.385,1.3461,0.9685,2.8735192969048695,-3.3722438391699083
2010-11,2010,11,2010.8333333333333,8.5,8.4,17591.951,3.3,0.5,6529.411,-6.8,3.9,298.798,16.9,21.8,3375.001,22.4,19,1178.259,7.1,18.6,1234.215,29.5,23.5,1774.197,11.6,13.5,15822.912,26.5,25,3539.051,4.8,10.6,706.296,7.2,10.4,2921.421,6.8,5.6,1544.513,3.8,10.1,1518.298,1769.039,1.3445,0.9831,-0.11886189733304464,1.5074858027878113
2010-12,2010,12,2010.9166666666667,7.6,12.4,15551.063,4,3.8,5361.333,-6,5.1,255.171,9.7,15.9,3344.391,19.8,17.5,940.327,13.4,45,1278.266,26,26.8,1546.908,9.3,12,14315.281,6.2,7.5,3059.332,0.4,6.7,616.033,7.4,10.6,2681.831,21.4,24.5,1462.661,14,20.6,1522.413,1235.782,1.2806,0.9683,-4.752696169579773,-1.5054419692808407
2011-01,2011,1,2011,5.8,14.1,15350.615,-3.8,11,6328.224,-4,5.4,267.603,16.1,18.2,2721.93,17.8,17.7,1030.989,5,13.7,1100.415,18.5,17.3,1153.501,10.3,12.5,13380.08,10.5,9.7,2943.113,-0.2,4.8,748.446,10.2,15.1,2409.305,25.4,21.1,1224.77,17.5,27.5,1281.272,1970.535,1.2779,0.9569,-0.2108386693737252,-1.1773210781782617
2011-02,2011,2,2011.0833333333333,10.2,16.8,16506.603,6.4,14.1,6396.671,-1.1,8.8,289.118,19.4,21.6,3194.977,17.5,17.7,1137.688,4.8,15.5,1196.758,15.1,17.6,1369.297,3.6,5,14236.708,-10,-11.3,2945.391,0.6,4.9,832.215,9.4,12.9,2518.044,2.4,6.6,1313.169,8.1,14.8,1449.774,2269.895,1.2966,0.9499,1.463338289381011,-0.7315288953913646
2011-03,2011,3,2011.1666666666667,1.9,7.8,18086.938,-4.9,0.9,6964.72,-3.5,4.1,301.653,7.7,15.5,3509.243,9.2,10.7,1280.829,1,11.6,1371.628,11.7,13.3,1407.863,7,5.9,17187.44,5.5,-1.6,3632.53,0.5,4.5,875.48,2.5,5,2998.274,20.4,17.6,1719.961,5.7,12.1,1806.31,899.498,1.2879,0.9197,-0.6709856547894466,-3.179282029687336
2011-04,2011,4,2011.25,0.8,6.9,16018.005,-11.6,-2.7,5822.308,0.8,5.7,264.254,4.8,10.8,3056.097,4.2,6.5,1114.763,-0.9,6.2,1169.711,31.4,35.8,1566.474,5.6,4.9,14581.144,16.5,10.9,3558.391,3.3,4,632.004,-4.4,-1.2,2438.875,8.2,10.7,1270.236,-4.9,0.8,1398.26,1436.861,1.2978,0.8987,0.7686932215234199,-2.283353267369781
2011-05,2011,5,2011.3333333333333,17.8,23.8,18569.696,17.4,21.4,7541.666,11.4,18.3,306.437,15.5,23.6,3336.926,20.2,25.6,1235.259,8.3,17.6,1232.531,32.4,40.2,1644.39,1,5.3,15203.372,-2.3,3.2,3196.743,16.2,20.5,681.337,4.9,11.8,2676.929,-36,-30,1503.533,17.7,18.5,1461.901,3366.324,1.254,0.8735,-3.374942209893672,-2.804050294870364
2011-06,2011,6,2011.4166666666667,-8.7,-0.2,15698.072,-13.1,-0.2,5624.969,-12,-6.2,269.671,-10.9,-4.2,2982.862,-6.7,-2.4,1089.223,-16.4,-8.7,1128.609,9.2,13.5,1568.324,-9.2,-3.9,14119.71,-11.1,-5.9,2928.368,-6.9,-3.5,649.603,-8.7,-2.6,2453.952,-14.9,-1,1701.177,-17.5,-12.1,1344.077,1578.362,1.2093,0.8403,-3.5645933014354036,-3.8008013737836244
2011-07,2011,7,2011.5,-1.5,7,16515.972,-5.7,8.6,6311.626,-8.1,-3,276.691,1,6.7,3140.431,-2.5,2.6,1110,-10,-1.9,1161.569,21.8,21.2,1708.137,-1.7,2.7,13814.336,-6.6,-1.8,2975.411,-2.9,0.1,787.132,-7.9,-1.3,2388.518,23.6,27.2,1586.432,4.6,11.7,1256.952,2701.636,1.1778,0.8244,-2.6048127015628975,-1.8921813637986507
2011-08,2011,8,2011.5833333333333,-4.3,1.3,13857.978,-7.2,-2.6,5376.678,-8.1,-0.3,207.923,-7.4,0,2579.931,-6.8,-1.4,838.58,-6.9,3.8,950.262,17.1,19.6,1306.581,-5.5,-1.5,13194.235,-2.7,-4,3141.073,-2.8,1.5,815.351,-9,0.9,2176.31,-29.1,-26,1250.295,1.1,11.7,1071.273,663.743,1.1205,0.7812,-4.865002547121744,-5.2401746724890845
2011-09,2011,9,2011.6666666666667,2.9,9.4,16684.132,-1.6,7.3,5905.42,-4,-0.3,279.998,-2.8,1,3083.728,-3,2.8,1121.521,0.3,7.6,1157.398,22.1,22.6,1775.873,2,2.9,14967.923,18.5,13.1,3144.521,-4.6,-4.1,850.402,-8.9,-2.4,2510.924,-1,-3.5,1839.315,2,9.2,1450.777,1716.209,1.201,0.8723,7.184292726461394,11.661546338965678
2011-10,2011,10,2011.75,2.2,9,17119.234,5.3,20.3,6457.858,-6.2,-4.7,267.784,-6.5,-3.2,3011.42,-6.4,-1.7,1071.424,-3.7,-2.5,1157.905,18.5,16.6,1872.06,1.3,2.7,14999.419,9.6,8.5,3423.136,-3.8,-3,719.088,-7.4,-2.4,2673.851,0,3.6,1500.551,0.8,7,1384.998,2119.815,1.2298,0.8975,2.398001665278926,2.888914364324191
2011-11,2011,11,2011.8333333333333,1.5,5.8,17861.998,2.9,11.1,6718.044,-6.7,-4.3,278.734,-10.3,-7.8,3026.426,-5.5,-1.6,1113.584,2.2,8.1,1261.472,16,15.8,2058.427,-5,-3.9,15024.983,-14.9,-14.8,3010.922,-1.8,0.8,693.707,-3.3,-0.1,2825.323,-2.4,0.6,1506.941,2.6,6.4,1557.126,2837.015,1.2315,0.9082,0.13823385916409414,1.1922005571030736
2011-12,2011,12,2011.9166666666667,0.6,-1.6,15637.785,-3,-3.8,5199.067,-6.3,-4.7,239.011,-3,-3.7,3245.076,-5.4,-2,889.848,-7.7,-15.1,1180.106,21.1,21.2,1873.288,-4.4,-3.7,13678.515,-17.1,-17.1,2535.322,-3.4,-4.1,595.043,-2.7,-1.7,2609.783,14.3,16.3,1671.614,-9.7,-5.6,1375.166,1959.27,1.2276,0.9316,-0.3166869671132777,2.576524994494611
2012-01,2012,1,2012,4.3,4.2,16015.291,9,8.7,6897.872,-5.7,-4.5,252.262,-4.7,-3.5,2594.052,-4.9,0.3,980.318,1,5,1111.211,15.4,11.3,1331.111,8.8,9.2,14557.069,31,35.8,3856.88,4.5,4.8,782.403,-0.9,-0.9,2388.079,2.4,-2.8,1254.43,4.5,7.3,1338.667,1458.222,1.2111,0.9378,-1.3440860215053752,0.6655216831258137
2012-02,2012,2,2012.0833333333333,1.3,4.5,16726.123,2,9.4,6525.92,-5.6,-4.7,272.96,-14.9,-13.7,2718.499,-6.8,-0.9,1060.011,-1.4,4.3,1180.475,20.3,20.2,1646.73,0,0.2,14243.435,-9,-6.3,2680.234,-2.1,0.3,814.846,-7.7,-6.5,2324.937,30.3,13.5,1711.005,5.8,10.1,1534.15,2482.688,1.2072,0.9119,-0.32202130294773923,-2.761782896139897
2012-03,2012,3,2012.1666666666667,-3.5,-3,17450.822,-0.8,-1.4,6911.195,-7.4,-6.5,279.262,-14.8,-14.1,2990.269,-11.6,-8.3,1132.246,-6.6,-1.4,1280.684,16.5,19.4,1640.821,-7.5,-7,15904.256,-16.8,-15.4,3022.678,-9.5,-8.4,792.669,-14.1,-12.8,2574.767,6.5,-0.8,1832.352,5.9,8.4,1913.401,1546.566,1.2063,0.9133,-0.07455268389663372,0.1535256058778245
2012-04,2012,4,2012.25,-4.9,-3.9,15237.053,1.5,1.3,5908.408,-8.5,-9.4,241.673,-15.1,-15.4,2595.356,-13.8,-9.2,960.625,-6.8,-4.4,1090.213,8.5,8.1,1699.782,-4.1,-1.4,13982.76,-12.5,-8.1,3114.595,-4.4,-1.9,604.313,-3.3,-1.9,2358.548,10.1,12.3,1399.108,-0.4,2.2,1392.93,1254.293,1.2022,0.9136,-0.3398822846721328,0.03284791415745225
2012-05,2012,5,2012.3333333333333,-5.3,-0.2,17583.455,-5.1,7.8,7158.083,-12.2,-12,268.985,-15.7,-16.7,2814.364,-17.8,-14.5,1015.582,-7.2,-5.7,1144.128,16.6,7.8,1917.624,-1,-3.5,15053.464,9,0.9,3483.306,-10.6,-12.5,609.15,-10.3,-11.4,2400.945,10.1,-0.6,1655.565,7.4,8.9,1570.019,2529.991,1.2012,0.9377,-0.08318083513557673,2.637915936952706
2012-06,2012,6,2012.4166666666667,7.7,4.2,16907.867,13.1,8.1,6364.467,4.5,3.4,281.929,-0.7,-5.3,2962.627,-4.2,-0.9,1042.968,12.2,13.3,1266.66,22.1,13.2,1914.23,4,2.5,14686.314,14.7,19.3,3359.286,1,-1.3,656.119,0.4,-2.3,2464.578,-10.1,-19.8,1529.068,17.1,14.4,1574.43,2221.553,1.201,0.9584,-0.016650016650010535,2.207529060467106
2012-07,2012,7,2012.5,5.9,2.2,17490.059,8.1,5.6,6820.523,2.5,0.8,283.678,-10.5,-14.2,2811.144,-6.2,-3.9,1040.729,1.2,-3.4,1175.907,15.8,5.6,1977.539,6.6,2.7,14724.415,4.3,0.8,3102.196,3.8,-0.1,817.217,5.1,2.4,2509.673,-0.3,-9.8,1582.431,4.9,4.8,1319.104,2765.644,1.201,0.9766,0,1.8989983305509162
2012-08,2012,8,2012.5833333333333,12.2,4.3,15551.988,18.4,7.7,6368.401,9.4,5.6,227.404,-0.1,-6.8,2576.485,2.4,4.7,858.913,13.6,9,1079.117,13.2,4.7,1479.555,5.9,2,13976.961,14.2,15.4,3588.334,1.9,-2.1,830.565,1.4,-5.1,2207.131,7.1,2.1,1339.644,-5.7,-9.2,1010.441,1575.027,1.2011,0.9685,0.008326394671098747,-0.8294081507270068
2012-09,2012,9,2012.6666666666667,-0.9,-5.8,16541.199,11.5,7.3,6584.525,-13.2,-16,243.051,-10.5,-16.3,2760.216,-13.7,-12.2,967.675,-0.6,-8.2,1150.22,-1.4,-6.3,1751.868,-1.1,-6,14797.974,3,3.5,3238.009,-5.3,-8.3,805.094,-5.9,-9.3,2362.517,0.2,-15.2,1842.902,-12.2,-14.2,1273.271,1743.225,1.2089,0.9405,0.6494047123470237,-2.891068662880747
2012-10,2012,10,2012.75,8,3.8,18489.69,8.6,3.6,7014.195,5.6,5.8,282.788,-3.4,-8.7,2908.101,3.3,7.6,1107.121,14.7,8.7,1327.58,14,9.2,2135.07,5.9,2.6,15881.647,-1.9,-2.5,3358.23,7.5,3.9,772.955,1.9,-0.6,2725.611,18.2,5.6,1774.389,2.4,0.9,1417.801,2608.043,1.2098,0.9328,0.07444784514847314,-0.8187134502923965
2012-11,2012,11,2012.8333333333333,4.4,3.4,18648.569,11.2,11.4,7471.11,-2.1,-2.4,272.779,0.9,-4.8,3052.482,-7.9,-3.8,1025.979,6.5,0.9,1343.286,4.8,2.9,2156.434,5.7,3.9,15880.408,24.7,24.3,3755.345,-1.5,-3.7,683.402,-1.7,-3.4,2776.988,5.1,-3.3,1583.237,-9.1,-8.7,1415.558,2768.161,1.2052,0.9392,-0.3802281368821214,0.6861063464837169
2012-12,2012,12,2012.9166666666667,-10.7,-11.5,13970.223,-4.1,-11.1,4987.585,-13.4,-13.5,206.976,-22.2,-20.9,2523.823,-16.8,-13.1,740.538,-12.4,-14.7,1033.341,-5.2,-8.4,1775.262,-4.3,-5.1,13092.357,10.8,13.4,2809.494,-7.7,-9.7,549.319,-13,-10.3,2271.087,-9.2,-19.2,1517.882,-4.5,-6.7,1313.9,877.866,1.2091,0.9216,0.3235977431131687,-1.873935264054516
2013-01,2013,1,2013,3.4,2.4,16553.22,8.1,6,7456.495,5.3,1.6,265.58,-4.6,-7.3,2474.453,-1.8,-2.6,962.392,5.4,1.8,1171.676,11.3,12.1,1481.605,-0.1,-3.1,14545.184,-13,-16.5,3359.729,5.8,2.8,827.763,3.2,3.4,2465.395,21.5,10.9,1523.508,-17.2,-19.9,1108.567,2008.036,1.228,0.9241,1.5631461417583203,0.27126736111111605
2013-02,2013,2,2013.0833333333333,-5.1,-6.4,15878.975,-2.7,-1.6,6349.453,-6.6,-8.6,254.865,-8.6,-9.7,2484.123,-9.1,-9.7,963.325,-1.7,-8.3,1160.026,-2.8,-7.9,1600.474,-2.1,-4.5,13948.062,14.2,12.6,3065.349,-1.6,-3.8,802.025,-2.1,-3.5,2277.328,-10.1,-14.4,1538.787,-17.1,-20.8,1272.545,1930.913,1.2298,0.9202,0.146579804560254,-0.4220322475922522
2013-03,2013,3,2013.1666666666667,-4.4,-5.5,16689.636,-1.7,2.4,6791.979,-8.4,-12.5,255.939,-9.1,-12.1,2717.705,-9.4,-9.4,1026.313,-2.1,-4.7,1254.42,0.8,-5.9,1653.266,-6.1,-7.2,14940.61,1.3,4.8,3064.697,-2.6,-6.4,771.784,-1.5,-2.4,2536.239,-0.5,-8.2,1822.959,-25.8,-26.3,1419.058,1749.026,1.2264,0.946,-0.2764677183281883,2.8037383177569986
2013-04,2013,4,2013.25,11.7,9.3,17020.818,18.9,17.2,7022.644,12.6,8.2,272.131,6.1,4.9,2753.027,11,10.3,1066.123,14.2,9.2,1245.377,6.1,1.3,1802.758,10.6,10.1,15469.652,12.9,21,3522.008,9,5.1,658.791,9.8,11.1,2589.642,19.6,0.8,1672.996,18.4,16.6,1648.883,1551.166,1.2198,0.9377,-0.5381604696673148,-0.8773784355179726
2013-05,2013,5,2013.3333333333333,-1.1,-3.9,17382.03,-0.1,-2.3,7148.467,0.2,-3.3,269.606,-1.3,-4.6,2779.056,1,-0.3,1025.54,8.4,6.1,1240.08,-3.6,-4.9,1848.122,0.8,1.7,15177.378,12.3,20.2,3915.748,0.7,-2.8,613.317,1.3,0.1,2433.119,2.6,-6.7,1697.921,-11,-9.3,1397.37,2204.652,1.2406,0.955,1.7051975733726854,1.8449397461874684
2013-06,2013,6,2013.4166666666667,-1.4,-2.4,16664.362,3.5,2.9,6587.676,-2.3,-2.3,275.376,-5.8,-6.8,2789.364,-0.9,-2.6,1033.87,-3,-1,1228.597,-4,-5.4,1837.986,-4.5,-6.6,14023.526,-6.8,-10.1,3134.549,-2.6,-6,639.213,-0.3,-1.4,2458.445,-5.6,-19.4,1444.148,-11.8,-8.7,1388.209,2640.836,1.2326,0.9343,-0.64484926648396,-2.1675392670157057
2013-07,2013,7,2013.5,4.9,4.5,18344.895,9.6,12.5,7478.187,2.1,2.2,289.522,7.5,5.8,3022.775,7.4,4.7,1117.656,7.4,7.7,1262.832,3.1,2.4,2039.602,7.5,5.9,15822.382,26.8,25.5,3939.104,3.8,2.3,848.342,6.1,4.7,2663.188,3.5,-8.7,1637.374,0.1,0.8,1320.711,2522.513,1.2364,0.9452,0.30829141651793623,1.1666488279995724
2013-08,2013,8,2013.5833333333333,-4.9,-2,14790.274,-2.2,4.9,6227.843,-11.9,-13.4,200.237,-3.2,-2.7,2493.963,-3.2,-5.9,831.025,-2.2,-0.6,1055.295,1.1,0.6,1496.314,-7.9,-10.5,12872.704,-15.4,-13.7,3039.252,-3.4,-5.8,802.709,-4.7,-5.5,2104.294,0.3,-24.5,1344.176,-2.4,-5.2,985.871,1917.57,1.2334,0.9264,-0.24263992235521448,-1.9889970376639865
2013-09,2013,9,2013.6666666666667,1.5,4.4,16789.481,-1.8,6.8,6468.416,3.9,3.7,252.45,5.7,5.9,2918.339,8.3,5,1047.973,2.9,4.6,1183.962,9.1,6.2,1910.469,-1.7,-1,14539.142,-1.7,4.2,3186.015,9.2,8,879.413,5.5,4.9,2491.889,-8.9,-17.8,1678.56,-5.5,-5.3,1203.685,2250.339,1.2338,0.9244,0.0324306794227347,-0.21588946459413227
2013-10,2013,10,2013.75,-1.1,1.5,18280.291,0.8,9.3,7067.147,-0.2,-0.2,282.243,6,4.8,3083.857,2.3,-1.6,1132.998,0.1,5.2,1329.31,1.4,0.1,2164.368,0.8,0.6,16003.232,12.4,18.3,3777.763,2.4,1.3,791.514,4.9,7,2859.104,-6.3,-24.8,1662.273,-4,-6.8,1361.256,2277.059,1.2314,0.9027,-0.19452099205705675,-2.347468628299443
2013-11,2013,11,2013.8333333333333,-2.9,-1.8,18099.561,-5.3,1.9,7072.146,-2.5,-1.2,265.914,-4,-4.6,2929.641,3.8,-0.5,1064.849,-0.5,-0.2,1335.961,-0.1,-0.9,2155.093,0.9,-1.4,16017.728,8.9,10.4,4093.157,-2.7,-3.5,664.893,3.6,4.2,2876.742,5.7,-19.1,1673.524,-6.7,-8.1,1321.252,2081.833,1.2319,0.9128,0.040604190352433456,1.118865625346177
2013-12,2013,12,2013.9166666666667,5.4,7.5,14719.77,5.5,18.6,5263.074,3,3.9,213.143,13.3,12.9,2858.481,9.4,6.4,810.185,13.9,11.2,1177.275,3.9,3.8,1843.691,9.1,6.2,14282.509,33.4,28.3,3751.351,10,10.3,604.195,9.3,9.3,2481.711,-4.3,-22.2,1453.185,8.6,6.8,1426.651,437.261,1.2249,0.8942,-0.5682279405795798,-2.037686240140224
2014-01,2014,1,2014,3.7,5.4,17160.781,4.2,12.8,7771.907,0.1,4.5,265.948,4,2.6,2574.439,6.6,5.4,1026.331,-1.9,-0.8,1149.147,6.8,6.2,1582.262,0.6,-1.4,14638.5,11.3,8.8,3738.233,-1.5,-2.4,815.34,-0.2,-0.8,2461.57,-8.4,-24.3,1395.402,2,0.7,1131.024,2522.281,1.2312,0.9035,0.5143277002204183,1.0400357861775955
2014-02,2014,2,2014.0833333333333,5.6,5,16769.413,11.8,12,7098.449,-1.4,1.1,251.297,4.4,2.5,2592.719,5.3,3.7,1014.714,3,2.1,1194.979,7.7,5.2,1723.905,3.4,2.6,14420.949,15.1,14.1,3528.272,3,2.4,826.207,2.7,3.8,2339.792,-8.1,-22.2,1414.56,9.6,7.4,1394.947,2348.464,1.2213,0.8942,-0.8040935672514626,-1.0293303818483701
2014-03,2014,3,2014.1666666666667,4.2,4.9,17388.697,6.8,9.2,7257.042,1.9,5.4,260.777,8.2,6.8,2940.119,4.4,3.6,1071.566,-2.9,-3,1218.195,-0.3,0.1,1648.692,2.5,0.6,15309.848,6,2.5,3249.822,6.3,6.6,820.142,1.5,3,2575.483,11.1,-10,2024.721,3,-1.3,1461.148,2078.849,1.2178,0.8811,-0.2865798739048575,-1.4649966450458463
2014-04,2014,4,2014.25,0.9,0.1,17175.309,3.7,3.2,7281.632,-5.7,-1.2,256.572,-5,-4.9,2616.712,-2.7,-2.9,1037.057,-4.4,-3.2,1190.899,2.1,0.6,1839.881,-5.5,-6.8,14624.438,6.1,2.4,3737.123,0.9,1.5,664.904,-4.6,-5.2,2470.414,-18.3,-31.5,1366.752,-15.7,-15.1,1389.399,2550.871,1.2191,0.8826,0.10674987682706139,0.1702417432754677
2014-05,2014,5,2014.3333333333333,-0.1,-0.8,17359.831,-1.6,0.3,7037.294,0.1,6.1,269.879,-2.4,-0.5,2712.19,4.6,4,1072.631,-3.1,-4.7,1201.531,1.8,1,1881.879,-4.6,-5.3,14483.168,-14,-14.4,3367.028,4.2,4.9,639.111,2.3,4,2488.349,-4.5,-16.4,1621.882,1.4,-0.2,1417.397,2876.663,1.2204,0.888,0.10663604298251084,0.611828687967364
2014-06,2014,6,2014.4166666666667,1.5,1.1,16920.217,2.6,5.1,6758.082,-1.8,-0.9,270.443,-1.1,-0.7,2758.804,-0.6,-1,1027.355,-2.6,-6.9,1196.119,1.6,4.6,1867.945,10.8,7.7,15533.63,45.8,36.6,4570.518,6,6.7,677.634,-1.2,0.2,2429.368,8,-5.8,1559.848,-1,-3.4,1373.743,1386.587,1.2181,0.896,-0.18846279908226737,0.9009009009008917
2014-07,2014,7,2014.5,5.6,4.8,19365.801,8.1,4.4,8087.394,0.6,1.1,291.269,2.6,3.9,3100.724,2.9,1.9,1150.418,4.1,6.4,1314.765,2.8,7.2,2096.037,-2.2,-4.3,15470.351,-9.6,-14,3562.406,5.9,5.9,898.489,-1.3,0.2,2628.11,9.6,-4.4,1795.01,6.2,6.4,1403.209,3895.45,1.215,0.8969,-0.25449470486822445,0.10044642857143238
2014-08,2014,8,2014.5833333333333,0.7,-3.4,14895.028,2,-3.7,6353.065,7.1,6.8,214.441,-7.2,-7,2313.358,-0.3,-0.4,828.433,-4.1,-5.4,1012.108,-0.1,1.2,1495.547,5.5,3.6,13584.602,24.3,15.1,3777.892,2.6,1.6,823.421,2.2,1.6,2149.886,11.1,6.7,1493.895,-2.6,-4.6,960.489,1310.426,1.2119,0.9098,-0.25514403292181687,1.4382874344966101
2014-09,2014,9,2014.6666666666667,5,1.7,17620.78,6.4,-0.2,6884.607,8.9,7.7,274.82,1.7,2.4,2967.572,6.4,5.4,1114.931,4.5,7.2,1237.379,3,4.1,1968.366,4.5,2.7,15197.023,-2.4,-11.2,3111.069,7.1,5.5,941.987,8.7,9.4,2708.621,10.6,6.4,1856.323,9.4,5.5,1316.555,2423.757,1.2077,0.9354,-0.3465632477927194,2.8138052319190976
2014-10,2014,10,2014.75,8.2,2.9,19778.731,8.8,1.1,7685.593,6.1,6.8,299.324,1.8,2.3,3139.68,6.3,4.1,1204.896,6.7,3.6,1418.796,5.4,6.9,2280.518,3.8,2.3,16615.802,0.5,-5,3796.321,2.7,1.2,813.022,1.3,-0.6,2896.69,15.7,11,1922.841,20.5,22,1640.444,3162.929,1.2078,0.9526,0.00828020203693658,1.8387855462903557
2014-11,2014,11,2014.8333333333333,-0.1,-3.9,18073.787,1.6,-5.4,7182.261,3.4,1.3,274.864,-3.5,-3.7,2827.823,-0.4,-1.5,1060.256,-0.8,-2.9,1325.397,-4,-4.2,2068.44,-10.6,-9.3,14323.27,-27.4,-27.5,2971.993,1.2,-0.9,672.88,-5.5,-3.9,2718.733,5.3,7.2,1762.261,-2.7,-1.8,1285.838,3750.517,1.2026,0.9646,-0.4305348567643752,1.2597102666386695
2014-12,2014,12,2014.9166666666667,7.7,2.6,15849.033,12.6,3.4,5925.404,14,11,243.005,-2.1,-3.8,2797.152,7.6,5.7,872.051,4.2,2,1226.491,-2.1,-0.9,1804.213,0.8,2.7,14403.101,-5.8,-3.7,3534.762,8.2,5.1,653.875,-0.1,-0.3,2480.186,27.9,26.2,1858.205,-3.5,-2.3,1376.961,1445.932,1.2024,0.9759,-0.016630633627134905,1.1714700393945732
2015-01,2015,1,2015,-4.1,-6.1,16454.579,-6,-9.1,7304.329,-9.8,-6.3,239.795,-7.4,-6.4,2383.962,-7.5,-5.8,949.361,-0.4,1.2,1144.366,4.3,3.7,1650.661,-10.2,-4.8,13139.606,-14.5,-9.6,3195.676,-4.7,-1.3,777.323,-8.2,-6.2,2260.687,4.2,5,1453.317,1.2,9.8,1144.803,3314.973,1.0983,0.9422,-8.657684630738515,-3.4532226662567833
2015-02,2015,2,2015.0833333333333,-3.4,-3.2,16193.861,-7.2,-7.2,6585.245,-7.5,-3.7,232.369,-7.9,-3.8,2388.306,-4.2,0.7,971.815,-4,-0.2,1146.998,-0.9,-0.1,1707.764,-3.7,2.8,13880.828,1.1,0.8,3566.675,-7.7,-3,762.891,-5.1,-2.1,2219.767,18.4,22.2,1675.451,0.5,14.3,1402.028,2313.033,1.0623,0.9353,-3.277792952745151,-0.7323285926554846
2015-03,2015,3,2015.1666666666667,3.1,3.6,17920.36,3,4.2,7474.735,3,8.3,268.717,-4.5,-1.9,2806.613,1.8,6.3,1091.006,12.5,14,1370.618,6.5,8.5,1756.05,1.6,8.6,15551.517,1.3,4,3291.312,1,5.4,828.215,-2.4,0.2,2513.775,14.3,12,2314.498,15.9,31.9,1693.949,2368.843,1.0609,0.9798,-0.13178951332015743,4.757831711750238
2015-04,2015,4,2015.25,-6.1,-2.6,16134.038,-12.2,-4.7,6390.715,2.9,8.2,263.901,-2,-1.3,2564.477,-3.3,1.5,1002.7,1.7,5,1210.937,-0.9,-1.6,1823.815,-6.8,0.4,13631.472,-9.7,-3.6,3373.776,-6.9,-3.2,618.996,-8.9,-5.8,2250.688,6.7,9.7,1457.778,10.8,16.2,1540.112,2502.566,1.0382,0.9621,-2.139692713733621,-1.8064911206368661
2015-05,2015,5,2015.3333333333333,-10.6,-5.6,15519.444,-13.3,-3.6,6102.472,-6,0.3,253.797,-10.8,-8.5,2418.537,-12.9,-6.8,934.396,-10.6,-6.2,1074.657,-8.7,-7,1718.687,-16.3,-10.4,12128.491,-27.6,-20.7,2437.549,-12.2,-9.7,561.193,-15.6,-12.3,2100.315,-1.5,-7.6,1598.172,-4.4,0.7,1354.536,3390.953,1.0398,0.9316,0.15411288769022757,-3.170148633198211
2015-06,2015,6,2015.4166666666667,6.1,9.5,17959.086,10.2,14.5,7447.534,11.2,20,300.802,0.9,3.5,2784.439,1.9,9.8,1047.34,4.9,12.6,1254.968,4.4,1.2,1949.578,-6.9,3.2,14458.717,-25,-9.8,3428.884,3.8,6.4,703.64,-1.1,2.5,2403.34,17.9,22.3,1839.563,15,23.3,1579.999,3500.369,1.0448,0.9319,0.48086170417387386,0.03220266208672218
2015-07,2015,7,2015.5,-7,-5,18013.522,-5.6,-1.3,7633.54,0.8,10.8,293.607,-12.1,-11.7,2725.004,-8.4,-1.1,1053.481,-3.7,-0.8,1266.496,-8.8,-8.6,1911.96,-6.2,0.7,14513.83,-11.3,0.5,3158.88,-8.1,-4.9,825.812,-5.9,-3.3,2474.24,13.7,4.3,2040.032,10.7,13.7,1553.989,3499.692,1.0488,0.953,0.3828483920367498,2.2641914368494387
2015-08,2015,8,2015.5833333333333,-3.8,-1.5,14328.993,-6.1,-3.1,5962.402,-0.7,7.8,212.877,-3.4,-1.9,2234.346,-0.7,4.2,822.399,-2.6,2.8,986.007,-0.6,-5.1,1486.351,-15.5,-7.6,11475.986,-35.1,-24.5,2451.056,-5,-1.1,782.627,-4.6,-1.9,2050.344,-9.3,-12.5,1355.029,6.6,16.5,1024.023,2853.007,1.0782,0.9681,2.803203661327247,1.5844700944386059
2015-09,2015,9,2015.6666666666667,-3.3,-2.7,17043.279,3.4,5.6,7119.614,-5,5.8,261.114,-10.1,-8.4,2666.797,-8.7,-2.5,1017.87,-2,-1,1212.935,-7.7,-10.3,1817.622,-8.5,-2,13912.316,-6,9.4,2924.515,-9.3,-6.5,854.646,-10.1,-9.9,2436,-3.9,-15.5,1783.713,6.5,12.1,1401.948,3130.963,1.0918,0.9716,1.2613615284733815,0.3615328994938549
2015-10,2015,10,2015.75,-4.6,-2.4,18871.437,3.6,5.8,7964.946,-4.9,3.3,284.736,-10.8,-7.5,2801.401,-11.9,-4.6,1061.836,-8.4,-3.8,1299.319,-12.1,-14.5,2005.63,-10.6,-3.3,14857.194,-6.2,4.6,3560.38,-7.2,-4.8,754.822,-7.5,-6.8,2679.953,-10.4,-8.7,1722.345,-9.3,-3.7,1487.534,4014.243,1.0879,0.9681,-0.3572082799047416,-0.36023054755043304
2015-11,2015,11,2015.8333333333333,1.4,3,18334.92,7.4,9.5,7716.608,5.8,16.3,290.719,-4.8,-1.7,2693.168,-4.5,2.7,1012.768,-1.5,3.7,1305.489,-4.9,-8.8,1966.708,6.2,10.6,15210.897,33.1,33.6,3954.368,3.9,6.4,699.128,0.3,-0.6,2727.858,5.7,3.3,1862.965,9.4,15.5,1406.575,3124.023,1.083,1.0087,-0.45040904494899614,4.193781634128713
2015-12,2015,12,2015.9166666666667,1.9,2.4,16145.417,17.8,13.4,6982.461,2.2,14.1,248.46,-7.4,-2.5,2589.28,-4.9,2.6,829.323,-4.7,1.2,1169.116,-3.6,-5.4,1739.723,-5.4,-0.9,13631.25,-3.1,-3.2,3425.904,0.5,4.3,657.158,-4.7,-5.1,2364.076,-2.4,-2.4,1813.42,-6.4,0.4,1288.46,2514.167,1.083,0.9958,0,-1.278873797957758
2016-01,2016,1,2016,-1.1,-4,16266.885,1.7,-4,7429.037,8.2,10.9,259.347,-10.3,-9.6,2138.492,-4,1,911.112,0.2,1.1,1147.02,-7.4,-11.5,1527.93,-2.5,-1.6,12809.303,-1.2,-0.2,3156.186,-3.6,-5.9,749.329,-4.8,-6.1,2151.64,-10.7,-13.7,1297.268,34.9,23.6,1544.101,3457.582,1.0932,1.0054,0.9418282548476542,0.9640490058244744
2016-02,2016,2,2016.0833333333333,7.6,3.5,17423.793,15.7,7.7,7620.87,15.3,19.1,267.893,1.7,-2.1,2428.405,4.7,7.6,1017.587,10.3,10.7,1265.062,-3.1,-10.7,1654.765,-1.1,0,13729.295,-12.6,-8,3117.499,12.2,8.2,856.122,3.9,2,2305.381,5.3,-2,1764.955,-5.4,-8.7,1325.795,3694.498,1.1018,0.993,0.7866813025978692,-1.2333399641933585
2016-03,2016,3,2016.1666666666667,-0.7,-4.1,17787.978,4.9,-1.7,7837.368,0.5,4.6,270.191,0,-2.1,2806.923,-3.7,-0.3,1050.854,-5.7,-6.3,1292.025,-16,-21.3,1475.338,1,-1.4,15704.046,14.7,17.2,3775.22,-1.4,-4,816.451,-4.1,-6.8,2410.498,-4.3,-20.5,2216.051,16.2,2.2,1968.361,2083.932,1.0921,0.9833,-0.8803775639861899,-0.976837865055391
2016-04,2016,4,2016.25,11.7,6.6,18016.006,29.2,18.2,8255.976,9.9,13.6,290.016,1.5,1.2,2603.818,5.7,8.7,1059.354,7.6,4.3,1302.738,-10.9,-15.1,1625.098,14.4,6.6,15597.507,35.2,18.5,4560.793,11.6,6.8,690.672,7.5,2.3,2418.728,9.9,-11.1,1601.447,24.2,11.7,1912.258,2418.499,1.0931,0.964,0.0915667063455583,-1.9627783992677728
2016-05,2016,5,2016.3333333333333,11,1.5,17232.846,27.9,6.1,7806.882,12,12.9,284.222,-1.5,-3.7,2382.583,6,7.1,990.041,11.3,7.9,1196.079,-9.1,-16.5,1562.403,14.6,10.1,13893.341,35.1,25,3292.711,18.2,13.6,663.198,7.5,2.5,2257.445,10.2,1.2,1760.564,22.6,11.4,1660.006,3339.505,1.1054,0.9772,1.1252401427133796,1.3692946058091238
2016-06,2016,6,2016.4166666666667,1.6,-5.7,18245.697,9,-4.9,8116.459,3.2,4.2,310.482,4.1,1.6,2898.111,1.9,2.2,1067.082,7,0.3,1342.349,-15.8,-21.9,1640.854,2.2,-2.7,14773.446,1.1,-6.4,3465.355,4.9,2.3,738.17,4.9,2.6,2521.855,-0.3,-16.4,1833.735,11.2,-0.4,1757.122,3472.251,1.0901,0.97,-1.3841143477474116,-0.7367990176013084
2016-07,2016,7,2016.5,-2.3,-6.5,17596.418,-0.8,-9.1,7574.903,-8.8,-10.2,267.833,-4.3,-4.5,2608.736,-2.1,-2.1,1031.536,-3.1,-8,1226.874,-14,-21.4,1643.345,2.3,0.3,14854.215,21,14.7,3821.101,-4.7,-8.4,787.207,-7.4,-10.3,2290.752,5.1,7.6,2143.231,6.7,-3.1,1658.571,2742.203,1.0867,0.9821,-0.3118979910100017,1.24742268041238
2016-08,2016,8,2016.5833333333333,12,4.6,16047.643,30.7,14.9,7795.807,11.3,5.8,237.009,-1.2,-2.5,2207.441,6,9.1,872.144,8.4,1.7,1068.881,-8.6,-11.2,1358.91,15,11.8,13198.907,44.3,30.6,3536.568,13.8,7.1,890.603,5.7,4.1,2166.786,6.3,2.3,1439.842,21.5,14.5,1244.289,2848.736,1.0876,0.9703,0.08281954541271563,-1.2015069748498086
2016-09,2016,9,2016.6666666666667,10.4,5.1,18824.121,19.3,6.7,8492.006,9.2,1,285.266,6,5.6,2826.338,6.3,8.2,1081.631,14.8,10.5,1392.472,-6.2,-12.3,1705.585,4.4,1.4,14527.76,18.9,8.4,3477.747,7.1,-0.1,915.197,0,0.1,2436.445,5.4,1.7,1879.996,0.8,-1.9,1412.943,4296.361,1.0922,0.9743,0.42294961382862706,0.4122436359888626
2016-10,2016,10,2016.75,-5.5,-9.8,17835.059,2.8,-7.6,8190.775,14.1,3.9,324.813,-9.5,-8.5,2534.795,-2.9,-0.9,1030.629,-4.2,-10.1,1244.597,-15.7,-21,1691.08,3,-0.8,15296.343,13.4,6.1,4037.549,11.8,2.5,843.922,-1.2,-0.9,2648.87,3.3,-7.7,1778.533,0,-4.9,1487.219,2538.716,1.0883,0.9867,-0.3570774583409597,1.27270861131068
2016-11,2016,11,2016.8333333333333,1.9,-0.5,18682.048,3.8,-0.6,8007.707,21.1,12.5,352.108,5.1,4.6,2829.69,7.5,9.6,1088.238,2.4,-2.3,1337.041,-5.5,-9.1,1859.454,0.7,-0.3,15323.157,-4.7,-6.5,3768.653,16.6,6.7,815.146,-1.6,-1.7,2683.351,-10.1,-9.4,1674.017,14.8,8.7,1614.512,3358.891,1.0759,0.9958,-1.139391711844162,0.9222661396574461
2016-12,2016,12,2016.9166666666667,2.3,1.4,16514.429,2.4,0.2,7149.627,27.7,18,317.28,8.7,6.4,2814.628,10.2,11.3,914.025,1.2,-4.1,1183.374,-4.5,-9.8,1661.826,1.5,-2.6,13834.758,5.6,2.5,3617.626,14.1,4,749.876,-0.1,1,2361.485,-13.8,-27.5,1563.459,16,10.6,1494.784,2679.671,1.0754,1.0193,-0.04647272051306883,2.3599116288411492
2017-01,2017,1,2017,12.5,8,18298.296,25.8,14.4,9346.483,17.8,6.9,305.622,4.2,5.2,2228.924,12.3,13.3,1023.345,1.9,-3.8,1168.502,-5.9,-11.4,1438.443,5.6,-0.2,13524.28,4.3,-1.1,3293.099,13.1,6.4,847.497,7,6.3,2302.224,17.3,-3.4,1521.206,-21.8,-21.5,1208.227,4774.016,1.0713,1.0086,-0.3812534870745732,-1.0497400176591953
2017-02,2017,2,2017.0833333333333,-1.8,-5.5,17101.939,2.8,-6.9,7836.936,10.8,-0.2,296.806,-0.8,0.3,2409.487,5.1,4.4,1069.134,-2.8,-9.9,1229.923,-9.6,-10.3,1496.579,2.7,-4.3,14100.496,12.1,1.2,3495.094,-1.6,-7.2,842.002,-1.8,-1.3,2262.903,-21.2,-33.4,1391.541,30.8,22.1,1734.292,3001.443,1.0659,1.0017,-0.504060487258462,-0.6841165972635288
2017-03,2017,3,2017.1666666666667,10.6,9.5,19678.748,12.6,9.1,8823.437,32.9,15.3,358.958,6.6,9.2,2991.445,22,21.3,1282.048,13.5,6.1,1466.431,7.8,4.3,1590.098,5.9,2,16628.937,1.4,-8.9,3827.116,19,9.4,971.37,11.3,13.9,2682.078,-0.6,1.8,2201.946,-5,-5.3,1869.503,3049.811,1.0706,1.0021,0.4409419270100301,0.03993211540380681
2017-04,2017,4,2017.25,-10.1,-12.3,16195.65,-11.2,-16.4,7332.428,6.2,-7.5,308.028,-12.5,-13.4,2278.213,-4.7,-5.8,1009.911,-12.3,-15.6,1141.906,-5.1,-7.8,1542.929,-8.6,-10,14257.552,-15,-20.6,3876.086,3,-6.2,711.441,-8,-6.6,2226.434,-15.3,-1.5,1356.899,-2,-0.2,1873.53,1938.098,1.0723,1.0008,0.15878946385203818,-0.12972757209860353
2017-05,2017,5,2017.3333333333333,13.9,11.7,19633.419,16.9,12.5,9129.496,32.3,14.7,375.93,7.3,8.4,2556.097,20.6,19,1194.266,11.1,3.8,1329.061,9.3,7.8,1707.823,17.4,13.2,16307.089,35.9,19.7,4476.291,23.7,11.7,820.108,12.7,14.8,2544.075,7.9,19.3,1900.441,5.6,8.1,1753.297,3326.33,1.0897,0.9867,1.6226802200876467,-1.4088729016786483
2017-06,2017,6,2017.4166666666667,3,2,18799.013,-3.7,-7.8,7817.783,22.8,7.1,381.426,-1.5,0.1,2853.361,11.7,9.6,1191.517,-0.2,-2.9,1339.374,5.6,4.6,1731.933,8.5,3.3,16034.516,24.8,3,4325.638,11.2,0.4,821.119,0.7,0.8,2539.486,25.8,36.1,2306.061,-9.3,-8,1594.399,2764.497,1.0875,0.9682,-0.20189042855831563,-1.8749366575453563
2017-07,2017,7,2017.5,4.3,-1,18346.668,10.3,-0.3,8355.08,26.9,13.2,339.874,-0.8,-0.6,2588.928,8.7,6.9,1121.418,-0.9,-5.5,1215.746,3.6,2.5,1702.548,-0.1,-2,14835.615,7.6,-0.2,4111.391,9,0.4,857.773,6.9,7.2,2449.87,-19.5,-14.3,1725.458,-18.1,-13.9,1357.88,3511.053,1.1054,0.9607,1.6459770114942485,-0.7746333402189554
